date,experiment_name,load_checkpoint,load_run,max_iterations,num_envs,policy_class,resume,run_name,seed,sim_device,source_path,time
2026-05-30,coopG1S1,model_.*.pt,.*,2000,4096,ActorCritic,False,holdbox,42,cuda:0,/home/zhaowenhao/isaaclab_nhb/isaaclab_nhb/outputs/2026-05-30/17-38-16,17-38-16
2026-05-30,coopG1S1,model_.*.pt,.*,2000,4096,ActorCritic,False,holdbox,42,cuda:0,/home/zhaowenhao/isaaclab_nhb/isaaclab_nhb/outputs/2026-05-30/17-41-21,17-41-21
2026-06-01,coopG1S1,model_.*.pt,.*,2000,4096,ActorCritic,False,holdbox,42,cuda:0,/home/zhaowenhao/isaaclab_nhb/isaaclab_nhb/outputs/2026-06-01/10-12-51,10-12-51
2026-06-01,coopG1S1,model_.*.pt,.*,2000,4096,ActorCritic,False,holdbox,42,cuda:0,/home/zhaowenhao/isaaclab_nhb/isaaclab_nhb/outputs/2026-06-01/10-16-38,10-16-38
2026-06-01,coopG1S1,model_.*.pt,.*,2000,4096,ActorCritic,False,holdbox,42,cuda:0,/home/zhaowenhao/isaaclab_nhb/isaaclab_nhb/outputs/2026-06-01/10-21-02,10-21-02
2026-06-01,coopG1S1,model_.*.pt,.*,2000,4096,ActorCritic,False,holdbox,42,cuda:0,/home/zhaowenhao/isaaclab_nhb/isaaclab_nhb/outputs/2026-06-01/10-25-28,10-25-28
2026-06-01,coopG1S1,model_.*.pt,.*,2000,4096,ActorCritic,False,holdbox,42,cuda:0,/home/zhaowenhao/isaaclab_nhb/isaaclab_nhb/outputs/2026-06-01/10-35-02,10-35-02
2026-06-01,coopG1S1,model_.*.pt,.*,2000,4096,ActorCritic,False,holdbox,42,cuda:0,/home/zhaowenhao/isaaclab_nhb/isaaclab_nhb/outputs/2026-06-01/10-50-58,10-50-58
2026-06-01,coopG1S1,model_.*.pt,.*,2000,4096,ActorCritic,False,holdbox,42,cuda:0,/home/zhaowenhao/isaaclab_nhb/isaaclab_nhb/outputs/2026-06-01/13-10-47,13-10-47
2026-06-01,coopG1S1,model_.*.pt,.*,2000,4096,ActorCritic,False,holdbox,42,cuda:0,/home/zhaowenhao/isaaclab_nhb/isaaclab_nhb/outputs/2026-06-01/13-11-32,13-11-32
2026-06-01,coopG1S1,model_.*.pt,.*,2000,4096,ActorCritic,False,holdbox,42,cuda:0,/home/zhaowenhao/isaaclab_nhb/isaaclab_nhb/outputs/2026-06-01/13-22-18,13-22-18
2026-06-01,coopG1S1,model_.*.pt,.*,2000,4096,ActorCritic,False,holdbox,42,cuda:0,/home/zhaowenhao/isaaclab_nhb/isaaclab_nhb/outputs/2026-06-01/13-22-53,13-22-53
2026-06-01,coopG1S1,model_.*.pt,.*,2000,4096,ActorCritic,False,holdbox,42,cuda:0,/home/zhaowenhao/isaaclab_nhb/isaaclab_nhb/outputs/2026-06-01/15-09-28,15-09-28
2026-06-01,coopG1S1,model_.*.pt,.*,2000,4096,ActorCritic,False,holdbox,42,cuda:0,/home/zhaowenhao/isaaclab_nhb/isaaclab_nhb/outputs/2026-06-01/15-10-42,15-10-42
2026-06-01,coopG1S1,model_.*.pt,.*,2000,4096,ActorCritic,False,holdbox,42,cuda:0,/home/zhaowenhao/isaaclab_nhb/isaaclab_nhb/outputs/2026-06-01/18-16-03,18-16-03
2026-06-01,coopG1S1,model_.*.pt,.*,2000,4096,ActorCritic,False,holdbox,42,cuda:0,/home/zhaowenhao/isaaclab_nhb/isaaclab_nhb/outputs/2026-06-01/18-17-36,18-17-36
2026-06-01,coopG1S1,model_.*.pt,.*,2000,4096,ActorCritic,False,holdbox,42,cuda:0,/home/zhaowenhao/isaaclab_nhb/isaaclab_nhb/outputs/2026-06-01/18-19-25,18-19-25
2026-06-01,coopG1S1,model_.*.pt,.*,2000,4096,ActorCritic,False,holdbox,42,cuda:0,/home/zhaowenhao/isaaclab_nhb/isaaclab_nhb/outputs/2026-06-01/18-21-08,18-21-08
2026-06-01,coopG1S1,model_.*.pt,.*,2000,4096,ActorCritic,False,holdbox,42,cuda:0,/home/zhaowenhao/isaaclab_nhb/isaaclab_nhb/outputs/2026-06-01/18-31-14,18-31-14
2026-06-01,coopG1S1,model_.*.pt,.*,2000,4096,ActorCritic,False,holdbox,42,cuda:0,/home/zhaowenhao/isaaclab_nhb/isaaclab_nhb/outputs/2026-06-01/18-33-26,18-33-26
2026-06-01,coopG1S1,model_.*.pt,.*,2000,4096,ActorCritic,False,holdbox,42,cuda:0,/home/zhaowenhao/isaaclab_nhb/isaaclab_nhb/outputs/2026-06-01/20-02-13,20-02-13
2026-06-01,coopG1S1,model_.*.pt,.*,2000,4096,ActorCritic,False,holdbox,42,cuda:0,/home/zhaowenhao/isaaclab_nhb/isaaclab_nhb/outputs/2026-06-01/20-03-39,20-03-39
2026-06-01,coopG1S1,model_.*.pt,.*,2000,4096,ActorCritic,False,holdbox,42,cuda:0,/home/zhaowenhao/isaaclab_nhb/isaaclab_nhb/outputs/2026-06-01/20-06-52,20-06-52
2026-06-01,coopG1S1,model_.*.pt,.*,2000,4096,ActorCritic,False,holdbox,42,cuda:0,/home/zhaowenhao/isaaclab_nhb/isaaclab_nhb/outputs/2026-06-01/20-07-27,20-07-27
2026-06-02,coopG1S1,model_.*.pt,.*,2000,4096,ActorCritic,False,holdbox,42,cuda:0,/home/zhaowenhao/isaaclab_nhb/isaaclab_nhb/outputs/2026-06-02/13-09-10,13-09-10
2026-06-02,coopG1S1,model_.*.pt,.*,2000,4096,ActorCritic,False,holdbox,42,cuda:0,/home/zhaowenhao/isaaclab_nhb/isaaclab_nhb/outputs/2026-06-02/13-10-41,13-10-41
2026-06-02,coopG1S1,model_.*.pt,.*,2000,4096,ActorCritic,False,holdbox,42,cuda:0,/home/zhaowenhao/isaaclab_nhb/isaaclab_nhb/outputs/2026-06-02/13-12-05,13-12-05
2026-06-02,coopG1S0,model_.*.pt,.*,2000,4096,ActorCritic,False,flat,42,cuda:0,/home/zhaowenhao/isaaclab_nhb/isaaclab_nhb/outputs/2026-06-02/13-25-44,13-25-44
2026-06-02,coopG1S1,model_.*.pt,.*,2000,4096,ActorCritic,False,holdbox,42,cuda:0,/home/zhaowenhao/isaaclab_nhb/isaaclab_nhb/outputs/2026-06-02/13-39-17,13-39-17
2026-06-02,coopG1S1,model_.*.pt,.*,2000,4096,ActorCritic,False,holdbox,42,cuda:0,/home/zhaowenhao/isaaclab_nhb/isaaclab_nhb/outputs/2026-06-02/13-42-46,13-42-46
2026-06-02,coopG1S1,model_.*.pt,.*,2000,4096,ActorCritic,False,holdbox,42,cuda:0,/home/zhaowenhao/isaaclab_nhb/isaaclab_nhb/outputs/2026-06-02/13-44-20,13-44-20
2026-06-02,coopG1S1,model_.*.pt,.*,2000,4096,ActorCritic,False,holdbox,42,cuda:0,/home/zhaowenhao/isaaclab_nhb/isaaclab_nhb/outputs/2026-06-02/13-45-44,13-45-44
2026-06-02,coopG1S1,model_.*.pt,.*,2000,4096,ActorCritic,False,holdbox,42,cuda:0,/home/zhaowenhao/isaaclab_nhb/isaaclab_nhb/outputs/2026-06-02/14-02-48,14-02-48
2026-06-02,coopG1S1,model_.*.pt,.*,2000,4096,ActorCritic,False,holdbox,42,cuda:0,/home/zhaowenhao/isaaclab_nhb/isaaclab_nhb/outputs/2026-06-02/14-37-00,14-37-00
2026-06-02,coopG1S1,model_.*.pt,.*,2000,4096,ActorCritic,False,holdbox,42,cuda:0,/home/zhaowenhao/isaaclab_nhb/isaaclab_nhb/outputs/2026-06-02/14-39-57,14-39-57
2026-06-03,coopG1S1,model_.*.pt,.*,2000,4096,ActorCritic,False,holdbox,42,cuda:0,/home/zhaowenhao/isaaclab_nhb/isaaclab_nhb/outputs/2026-06-03/08-05-35,08-05-35
2026-06-03,coopG1S1,model_.*.pt,.*,2000,4096,ActorCritic,False,holdbox,42,cuda:0,/home/zhaowenhao/isaaclab_nhb/isaaclab_nhb/outputs/2026-06-03/08-08-11,08-08-11
2026-06-03,coopG1S1,model_.*.pt,.*,2000,4096,ActorCritic,False,holdbox,42,cuda:0,/home/zhaowenhao/isaaclab_nhb/isaaclab_nhb/outputs/2026-06-03/08-09-29,08-09-29
2026-06-03,coopG1S1,model_.*.pt,.*,2000,4096,ActorCritic,False,holdbox,42,cuda:0,/home/zhaowenhao/isaaclab_nhb/isaaclab_nhb/outputs/2026-06-03/08-19-24,08-19-24
2026-06-03,coopG1S1,model_.*.pt,.*,2000,4096,ActorCritic,False,holdbox,42,cuda:0,/home/zhaowenhao/isaaclab_nhb/isaaclab_nhb/outputs/2026-06-03/08-20-14,08-20-14
2026-06-03,coopG1S1,model_.*.pt,.*,2000,4096,ActorCritic,False,holdbox,42,cuda:0,/home/zhaowenhao/isaaclab_nhb/isaaclab_nhb/outputs/2026-06-03/08-21-47,08-21-47
2026-06-03,coopG1S1,model_.*.pt,.*,2000,4096,ActorCritic,False,holdbox,42,cuda:0,/home/zhaowenhao/isaaclab_nhb/isaaclab_nhb/outputs/2026-06-03/08-44-31,08-44-31
2026-06-03,coopG1S1,model_.*.pt,.*,2000,4096,ActorCritic,False,holdbox,42,cuda:0,/home/zhaowenhao/isaaclab_nhb/isaaclab_nhb/outputs/2026-06-03/08-54-21,08-54-21
2026-06-03,coopG1S1,model_.*.pt,.*,2000,4096,ActorCritic,False,holdbox,42,cuda:0,/home/zhaowenhao/isaaclab_nhb/isaaclab_nhb/outputs/2026-06-03/08-57-20,08-57-20
2026-06-03,coopG1S1,model_.*.pt,.*,2000,4096,ActorCritic,False,holdbox,42,cuda:0,/home/zhaowenhao/isaaclab_nhb/isaaclab_nhb/outputs/2026-06-03/20-12-39,20-12-39
2026-06-03,coopG1S1,model_.*.pt,.*,2000,4096,ActorCritic,False,holdbox,42,cuda:0,/home/zhaowenhao/isaaclab_nhb/isaaclab_nhb/outputs/2026-06-03/20-14-53,20-14-53
2026-06-03,coopG1S1,model_.*.pt,.*,2000,4096,ActorCritic,False,holdbox,42,cuda:0,/home/zhaowenhao/isaaclab_nhb/isaaclab_nhb/outputs/2026-06-03/20-18-07,20-18-07
2026-06-03,coopG1S1,model_.*.pt,.*,2000,4096,ActorCritic,False,holdbox,42,cuda:0,/home/zhaowenhao/isaaclab_nhb/isaaclab_nhb/outputs/2026-06-03/20-21-52,20-21-52
2026-06-03,coopG1S1,model_.*.pt,.*,2000,4096,ActorCritic,False,holdbox,42,cuda:0,/home/zhaowenhao/isaaclab_nhb/isaaclab_nhb/outputs/2026-06-03/20-23-01,20-23-01
2026-06-03,coopG1S1,model_.*.pt,.*,2000,4096,ActorCritic,False,holdbox,42,cuda:0,/home/zhaowenhao/isaaclab_nhb/isaaclab_nhb/outputs/2026-06-03/20-24-19,20-24-19
2026-06-03,coopG1S1,model_.*.pt,.*,2000,4096,ActorCritic,False,holdbox,42,cuda:0,/home/zhaowenhao/isaaclab_nhb/isaaclab_nhb/outputs/2026-06-03/20-27-43,20-27-43
2026-06-03,coopG1S1,model_.*.pt,.*,2000,4096,ActorCritic,False,holdbox,42,cuda:0,/home/zhaowenhao/isaaclab_nhb/isaaclab_nhb/outputs/2026-06-03/20-30-24,20-30-24
2026-06-04,coopG1S1,model_.*.pt,.*,2000,4096,ActorCritic,False,holdbox,42,cuda:0,/home/zhaowenhao/isaaclab_nhb/isaaclab_nhb/outputs/2026-06-04/10-10-45,10-10-45
2026-06-04,coopG1S1,model_.*.pt,.*,2000,4096,ActorCritic,False,holdbox,42,cuda:0,/home/zhaowenhao/isaaclab_nhb/isaaclab_nhb/outputs/2026-06-04/10-11-08,10-11-08
2026-06-04,coopG1S1,model_.*.pt,.*,2000,4096,ActorCritic,False,holdbox,42,cuda:0,/home/zhaowenhao/isaaclab_nhb/isaaclab_nhb/outputs/2026-06-04/17-50-56,17-50-56
2026-06-04,coopG1S1,model_.*.pt,.*,2000,4096,ActorCritic,False,holdbox,42,cuda:0,/home/zhaowenhao/isaaclab_nhb/isaaclab_nhb/outputs/2026-06-04/17-53-21,17-53-21
2026-06-05,coopG1S1,model_.*.pt,.*,2000,4096,ActorCritic,False,holdbox,42,cuda:0,/home/zhaowenhao/isaaclab_nhb/isaaclab_nhb/outputs/2026-06-05/21-36-37,21-36-37
2026-06-05,coopG1S1,model_.*.pt,.*,2000,4096,ActorCritic,False,holdbox,42,cuda:0,/home/zhaowenhao/isaaclab_nhb/isaaclab_nhb/outputs/2026-06-05/21-41-50,21-41-50
2026-06-05,coopG1S1,model_.*.pt,.*,2000,4096,ActorCritic,False,holdbox,42,cuda:0,/home/zhaowenhao/isaaclab_nhb/isaaclab_nhb/outputs/2026-06-05/21-43-32,21-43-32
2026-06-05,coopG1S1,model_.*.pt,.*,2000,4096,ActorCritic,False,holdbox,42,cuda:0,/home/zhaowenhao/isaaclab_nhb/isaaclab_nhb/outputs/2026-06-05/21-44-43,21-44-43
2026-06-05,coopG1S1,model_.*.pt,.*,2000,4096,ActorCritic,False,holdbox,42,cuda:0,/home/zhaowenhao/isaaclab_nhb/isaaclab_nhb/outputs/2026-06-05/21-46-02,21-46-02
2026-06-05,coopG1S1,model_.*.pt,.*,2000,4096,ActorCritic,False,holdbox,42,cuda:0,/home/zhaowenhao/isaaclab_nhb/isaaclab_nhb/outputs/2026-06-05/21-47-01,21-47-01
2026-06-05,coopG1S1,model_.*.pt,.*,2000,4096,ActorCritic,False,holdbox,42,cuda:0,/home/zhaowenhao/isaaclab_nhb/isaaclab_nhb/outputs/2026-06-05/21-48-30,21-48-30
2026-06-05,coopG1S1,model_.*.pt,.*,2000,4096,ActorCritic,False,holdbox,42,cuda:0,/home/zhaowenhao/isaaclab_nhb/isaaclab_nhb/outputs/2026-06-05/21-49-53,21-49-53
2026-06-05,coopG1S1,model_.*.pt,.*,2000,4096,ActorCritic,False,holdbox,42,cuda:0,/home/zhaowenhao/isaaclab_nhb/isaaclab_nhb/outputs/2026-06-05/21-51-22,21-51-22
2026-06-05,coopG1S1,model_.*.pt,.*,2000,4096,ActorCritic,False,holdbox,42,cuda:0,/home/zhaowenhao/isaaclab_nhb/isaaclab_nhb/outputs/2026-06-05/21-54-02,21-54-02
2026-06-05,coopG1S1,model_.*.pt,.*,2000,4096,ActorCritic,False,holdbox,42,cuda:0,/home/zhaowenhao/isaaclab_nhb/isaaclab_nhb/outputs/2026-06-05/21-55-36,21-55-36
2026-06-05,coopG1S1,model_.*.pt,.*,2000,4096,ActorCritic,False,holdbox,42,cuda:0,/home/zhaowenhao/isaaclab_nhb/isaaclab_nhb/outputs/2026-06-05/21-56-40,21-56-40
2026-06-05,coopG1S1,model_.*.pt,.*,2000,4096,ActorCritic,False,holdbox,42,cuda:0,/home/zhaowenhao/isaaclab_nhb/isaaclab_nhb/outputs/2026-06-05/21-59-47,21-59-47
2026-06-05,coopG1S1,model_.*.pt,.*,2000,4096,ActorCritic,False,holdbox,42,cuda:0,/home/zhaowenhao/isaaclab_nhb/isaaclab_nhb/outputs/2026-06-05/22-02-46,22-02-46
2026-06-05,coopG1S1,model_.*.pt,.*,2000,4096,ActorCritic,False,holdbox,42,cuda:0,/home/zhaowenhao/isaaclab_nhb/isaaclab_nhb/outputs/2026-06-05/22-03-54,22-03-54
2026-06-05,coopG1S1,model_.*.pt,.*,2000,4096,ActorCritic,False,holdbox,42,cuda:0,/home/zhaowenhao/isaaclab_nhb/isaaclab_nhb/outputs/2026-06-05/22-10-01,22-10-01
2026-06-06,coopG1S1,model_.*.pt,.*,2000,4096,ActorCritic,False,holdbox,42,cuda:0,/home/zhaowenhao/isaaclab_nhb/isaaclab_nhb/outputs/2026-06-06/11-24-25,11-24-25
2026-06-06,coopG1S1,model_.*.pt,.*,2000,4096,ActorCritic,False,holdbox,42,cuda:0,/home/zhaowenhao/isaaclab_nhb/isaaclab_nhb/outputs/2026-06-06/11-26-08,11-26-08
2026-06-06,coopG1S0,model_.*.pt,.*,2000,4096,ActorCritic,False,flat,42,cuda:0,/home/zhaowenhao/isaaclab_nhb/isaaclab_nhb/outputs/2026-06-06/12-05-05,12-05-05
2026-06-06,coopG1S0,model_.*.pt,.*,2000,4096,ActorCritic,False,flat,42,cuda:0,/home/zhaowenhao/isaaclab_nhb/isaaclab_nhb/outputs/2026-06-06/13-45-36,13-45-36
2026-06-06,coopG1S1,model_.*.pt,.*,2000,4096,ActorCritic,False,holdbox,42,cuda:0,/home/zhaowenhao/isaaclab_nhb/isaaclab_nhb/outputs/2026-06-06/13-45-41,13-45-41
2026-06-06,coopG1S1,model_.*.pt,.*,2000,4096,ActorCritic,False,holdbox,42,cuda:0,/home/zhaowenhao/isaaclab_nhb/isaaclab_nhb/outputs/2026-06-06/15-32-10,15-32-10
2026-06-06,coopG1S0,model_.*.pt,.*,2000,4096,ActorCritic,False,flat,42,cuda:0,/home/zhaowenhao/isaaclab_nhb/isaaclab_nhb/outputs/2026-06-06/15-37-40,15-37-40
2026-06-06,coopG1S0,model_.*.pt,.*,2000,4096,ActorCritic,False,flat,42,cuda:0,/home/zhaowenhao/isaaclab_nhb/isaaclab_nhb/outputs/2026-06-06/19-02-00,19-02-00
2026-06-06,coopG1S1,model_.*.pt,.*,2000,4096,ActorCritic,False,holdbox,42,cuda:0,/home/zhaowenhao/isaaclab_nhb/isaaclab_nhb/outputs/2026-06-06/19-03-18,19-03-18
2026-06-06,coopG1S1,model_.*.pt,.*,2000,4096,ActorCritic,False,holdbox,42,cuda:0,/home/zhaowenhao/isaaclab_nhb/isaaclab_nhb/outputs/2026-06-06/19-05-27,19-05-27
2026-06-06,coopG1S1,model_.*.pt,.*,2000,4096,ActorCritic,False,holdbox,42,cuda:0,/home/zhaowenhao/isaaclab_nhb/isaaclab_nhb/outputs/2026-06-06/19-19-36,19-19-36
2026-06-06,coopG1S0,model_.*.pt,.*,2000,4096,ActorCritic,False,flat,42,cuda:0,/home/zhaowenhao/isaaclab_nhb/isaaclab_nhb/outputs/2026-06-06/22-41-40,22-41-40
2026-06-07,coopG1S1,model_.*.pt,.*,2000,4096,ActorCritic,False,holdbox,42,cuda:0,/home/zhaowenhao/isaaclab_nhb/isaaclab_nhb/outputs/2026-06-07/10-02-23,10-02-23
2026-06-07,coopG1S0,model_.*.pt,.*,2000,4096,ActorCritic,False,flat,42,cuda:0,/home/zhaowenhao/isaaclab_nhb/isaaclab_nhb/outputs/2026-06-07/10-04-36,10-04-36
2026-06-07,coopG1S1,model_.*.pt,.*,2000,4096,ActorCritic,False,holdbox,42,cuda:0,/home/zhaowenhao/isaaclab_nhb/isaaclab_nhb/outputs/2026-06-07/12-11-26,12-11-26
2026-06-07,coopG1S1,model_.*.pt,.*,2000,4096,ActorCritic,False,holdbox,42,cuda:0,/home/zhaowenhao/isaaclab_nhb/isaaclab_nhb/outputs/2026-06-07/15-43-40,15-43-40
2026-06-07,coopG1S1,model_.*.pt,.*,2000,4096,ActorCritic,False,holdbox,42,cuda:0,/home/zhaowenhao/isaaclab_nhb/isaaclab_nhb/outputs/2026-06-07/15-47-16,15-47-16
2026-06-07,coopG1S1,model_.*.pt,.*,2000,4096,ActorCritic,False,holdbox,42,cuda:0,/home/zhaowenhao/isaaclab_nhb/isaaclab_nhb/outputs/2026-06-07/18-17-10,18-17-10
2026-06-07,coopG1S1,model_.*.pt,.*,2000,4096,ActorCritic,False,holdbox,42,cuda:0,/home/zhaowenhao/isaaclab_nhb/isaaclab_nhb/outputs/2026-06-07/23-33-58,23-33-58
2026-06-07,coopG1S1,model_.*.pt,.*,2000,4096,ActorCritic,False,holdbox,42,cuda:0,/home/zhaowenhao/isaaclab_nhb/isaaclab_nhb/outputs/2026-06-07/23-42-37,23-42-37
2026-06-07,coopG1S1,model_.*.pt,.*,2000,4096,ActorCritic,False,holdbox,42,cuda:0,/home/zhaowenhao/isaaclab_nhb/isaaclab_nhb/outputs/2026-06-07/23-43-51,23-43-51
2026-06-08,coopG1S1,model_.*.pt,.*,2000,4096,ActorCritic,False,holdbox,42,cuda:0,/home/zhaowenhao/isaaclab_nhb/isaaclab_nhb/outputs/2026-06-08/09-50-55,09-50-55
2026-06-08,coopG1S1,model_.*.pt,.*,2000,4096,ActorCritic,False,holdbox,42,cuda:0,/home/zhaowenhao/isaaclab_nhb/isaaclab_nhb/outputs/2026-06-08/09-52-45,09-52-45
2026-06-08,coopG1S1,model_.*.pt,.*,2000,4096,ActorCritic,False,holdbox,42,cuda:0,/home/zhaowenhao/isaaclab_nhb/isaaclab_nhb/outputs/2026-06-08/10-25-01,10-25-01
2026-06-08,coopG1S1,model_.*.pt,.*,2000,4096,ActorCritic,False,holdbox,42,cuda:0,/home/zhaowenhao/isaaclab_nhb/isaaclab_nhb/outputs/2026-06-08/10-26-42,10-26-42
2026-06-08,coopG1S1,model_.*.pt,.*,2000,4096,ActorCritic,False,holdbox,42,cuda:0,/home/zhaowenhao/isaaclab_nhb/isaaclab_nhb/outputs/2026-06-08/10-27-41,10-27-41
2026-06-08,coopG1S1,model_.*.pt,.*,2000,4096,ActorCritic,False,holdbox,42,cuda:0,/home/zhaowenhao/isaaclab_nhb/isaaclab_nhb/outputs/2026-06-08/10-28-41,10-28-41
2026-06-08,coopG1S1,model_.*.pt,.*,2000,4096,ActorCritic,False,holdbox,42,cuda:0,/home/zhaowenhao/isaaclab_nhb/isaaclab_nhb/outputs/2026-06-08/10-31-16,10-31-16
2026-06-08,coopG1S1,model_.*.pt,.*,2000,4096,ActorCritic,False,holdbox,42,cuda:0,/home/zhaowenhao/isaaclab_nhb/isaaclab_nhb/outputs/2026-06-08/10-32-04,10-32-04
2026-06-08,coopG1S1,model_.*.pt,.*,2000,4096,ActorCritic,False,holdbox,42,cuda:0,/home/zhaowenhao/isaaclab_nhb/isaaclab_nhb/outputs/2026-06-08/10-32-52,10-32-52
2026-06-08,coopG1S1,model_.*.pt,.*,2000,4096,ActorCritic,False,holdbox,42,cuda:0,/home/zhaowenhao/isaaclab_nhb/isaaclab_nhb/outputs/2026-06-08/10-54-15,10-54-15
2026-06-08,g1_flat,model_.*.pt,.*,10000,4096,ActorCritic,False,29dof_test,42,cuda:0,/home/zhaowenhao/isaaclab_nhb/isaaclab_nhb/outputs/2026-06-08/11-11-46,11-11-46
2026-06-08,g1_flat,model_.*.pt,.*,10000,4096,ActorCritic,False,29dof_test,42,cuda:0,/home/zhaowenhao/isaaclab_nhb/isaaclab_nhb/outputs/2026-06-08/11-13-48,11-13-48
2026-06-08,g1_flat,model_.*.pt,.*,10000,4096,ActorCritic,False,29dof_test,42,cuda:0,/home/zhaowenhao/isaaclab_nhb/isaaclab_nhb/outputs/2026-06-08/11-14-49,11-14-49
2026-06-08,g1_flat,model_.*.pt,.*,10000,4096,ActorCritic,False,29dof_test,42,cuda:0,/home/zhaowenhao/isaaclab_nhb/isaaclab_nhb/outputs/2026-06-08/11-17-42,11-17-42
2026-06-08,coopG1S1,model_.*.pt,.*,2000,4096,ActorCritic,False,holdbox,42,cuda:0,/home/zhaowenhao/isaaclab_nhb/isaaclab_nhb/outputs/2026-06-08/14-46-34,14-46-34
2026-06-08,coopG1S1,model_.*.pt,.*,2000,4096,ActorCritic,False,holdbox,42,cuda:0,/home/zhaowenhao/isaaclab_nhb/isaaclab_nhb/outputs/2026-06-08/15-10-20,15-10-20
2026-06-08,coopG1S1,model_.*.pt,.*,2000,4096,ActorCritic,False,holdbox,42,cuda:0,/home/zhaowenhao/isaaclab_nhb/isaaclab_nhb/outputs/2026-06-08/15-11-10,15-11-10
2026-06-08,coopG1S1,model_.*.pt,.*,2000,4096,ActorCritic,False,holdbox,42,cuda:0,/home/zhaowenhao/isaaclab_nhb/isaaclab_nhb/outputs/2026-06-08/15-12-14,15-12-14
2026-06-08,coopG1S1,model_.*.pt,.*,2000,4096,ActorCritic,False,holdbox,42,cuda:0,/home/zhaowenhao/isaaclab_nhb/isaaclab_nhb/outputs/2026-06-08/16-40-00,16-40-00
2026-06-08,coopG1S1,model_.*.pt,.*,2000,4096,ActorCritic,False,holdbox,42,cuda:0,/home/zhaowenhao/isaaclab_nhb/isaaclab_nhb/outputs/2026-06-08/20-09-42,20-09-42
2026-06-09,coopG1S1,model_.*.pt,.*,2000,4096,ActorCritic,False,holdbox,42,cuda:0,/home/zhaowenhao/isaaclab_nhb/isaaclab_nhb/outputs/2026-06-09/07-42-02,07-42-02
2026-06-09,coopG1S1,model_.*.pt,.*,2000,4096,ActorCritic,False,holdbox,42,cuda:0,/home/zhaowenhao/isaaclab_nhb/isaaclab_nhb/outputs/2026-06-09/07-48-08,07-48-08
2026-06-09,coopG1S1,model_.*.pt,.*,2000,4096,ActorCritic,False,holdbox,42,cuda:0,/home/zhaowenhao/isaaclab_nhb/isaaclab_nhb/outputs/2026-06-09/07-49-56,07-49-56
2026-06-09,coopG1S0,model_.*.pt,.*,2000,4096,ActorCritic,False,flat,42,cuda:0,/home/zhaowenhao/isaaclab_nhb/isaaclab_nhb/outputs/2026-06-09/11-36-13,11-36-13
2026-06-09,coopG1S1,model_.*.pt,.*,2000,4096,ActorCritic,False,holdbox,42,cuda:0,/home/zhaowenhao/isaaclab_nhb/isaaclab_nhb/outputs/2026-06-09/11-37-48,11-37-48
2026-06-09,coopG1S1,model_.*.pt,.*,2000,4096,ActorCritic,False,holdbox,42,cuda:0,/home/zhaowenhao/isaaclab_nhb/isaaclab_nhb/outputs/2026-06-09/11-43-07,11-43-07
2026-06-09,coopG1S0,model_.*.pt,.*,2000,4096,ActorCritic,False,flat,42,cuda:0,/home/zhaowenhao/isaaclab_nhb/isaaclab_nhb/outputs/2026-06-09/15-53-01,15-53-01
2026-06-09,coopG1S1,model_.*.pt,.*,2000,4096,ActorCritic,False,holdbox,42,cuda:0,/home/zhaowenhao/isaaclab_nhb/isaaclab_nhb/outputs/2026-06-09/15-54-25,15-54-25
2026-06-09,coopG1S1,model_.*.pt,.*,2000,4096,ActorCritic,False,holdbox,42,cuda:0,/home/zhaowenhao/isaaclab_nhb/isaaclab_nhb/outputs/2026-06-09/15-56-07,15-56-07
2026-06-09,coopG1S1,model_.*.pt,.*,2000,4096,ActorCritic,False,holdbox,42,cuda:0,/home/zhaowenhao/isaaclab_nhb/isaaclab_nhb/outputs/2026-06-09/15-59-06,15-59-06
2026-06-09,coopG1S1,model_.*.pt,.*,2000,4096,ActorCritic,False,holdbox,42,cuda:0,/home/zhaowenhao/isaaclab_nhb/isaaclab_nhb/outputs/2026-06-09/19-54-39,19-54-39
2026-06-09,coopG1S0,model_.*.pt,.*,2000,4096,ActorCritic,False,flat,42,cuda:0,/home/zhaowenhao/isaaclab_nhb/isaaclab_nhb/outputs/2026-06-09/19-56-27,19-56-27
2026-06-09,coopG1S0,model_.*.pt,.*,2000,4096,ActorCritic,False,flat,42,cuda:0,/home/zhaowenhao/isaaclab_nhb/isaaclab_nhb/outputs/2026-06-09/19-58-04,19-58-04
2026-06-09,coopG1S1,model_.*.pt,.*,2000,4096,ActorCritic,False,holdbox,42,cuda:0,/home/zhaowenhao/isaaclab_nhb/isaaclab_nhb/outputs/2026-06-09/20-00-22,20-00-22
2026-06-09,coopG1S1,model_.*.pt,.*,2000,4096,ActorCritic,False,holdbox,42,cuda:0,/home/zhaowenhao/isaaclab_nhb/isaaclab_nhb/outputs/2026-06-09/20-22-31,20-22-31
2026-06-09,coopG1S0,model_.*.pt,.*,2000,4096,ActorCritic,False,flat,42,cuda:0,/home/zhaowenhao/isaaclab_nhb/isaaclab_nhb/outputs/2026-06-09/20-22-44,20-22-44
2026-06-10,coopG1S1,model_.*.pt,.*,2000,4096,ActorCritic,False,holdbox,42,cuda:0,/home/zhaowenhao/isaaclab_nhb/isaaclab_nhb/outputs/2026-06-10/07-11-40,07-11-40
2026-06-10,coopG1S0,model_.*.pt,.*,2000,4096,ActorCritic,False,flat,42,cuda:0,/home/zhaowenhao/isaaclab_nhb/isaaclab_nhb/outputs/2026-06-10/07-22-40,07-22-40
2026-06-10,coopG1S0,model_.*.pt,.*,2000,4096,ActorCritic,False,flat,42,cuda:0,/home/zhaowenhao/isaaclab_nhb/isaaclab_nhb/outputs/2026-06-10/07-27-50,07-27-50
2026-06-10,coopG1S0,model_.*.pt,.*,2000,4096,ActorCritic,False,flat,42,cuda:0,/home/zhaowenhao/isaaclab_nhb/isaaclab_nhb/outputs/2026-06-10/07-30-16,07-30-16
2026-06-10,coopG1S1,model_.*.pt,.*,2000,4096,ActorCritic,False,holdbox,42,cuda:0,/home/zhaowenhao/isaaclab_nhb/isaaclab_nhb/outputs/2026-06-10/07-38-46,07-38-46
2026-06-10,coopG1S0,model_.*.pt,.*,2000,4096,ActorCritic,False,flat,42,cuda:0,/home/zhaowenhao/isaaclab_nhb/isaaclab_nhb/outputs/2026-06-10/07-39-04,07-39-04
2026-06-10,coopG1S1,model_.*.pt,.*,2000,4096,ActorCritic,False,holdbox,42,cuda:0,/home/zhaowenhao/isaaclab_nhb/isaaclab_nhb/outputs/2026-06-10/12-25-33,12-25-33
2026-06-10,coopG1S1,model_.*.pt,.*,2000,4096,ActorCritic,False,holdbox,42,cuda:0,/home/zhaowenhao/isaaclab_nhb/isaaclab_nhb/outputs/2026-06-10/13-06-19,13-06-19
2026-06-10,coopG1S1,model_.*.pt,.*,2000,4096,ActorCritic,False,holdbox,42,cuda:0,/home/zhaowenhao/isaaclab_nhb/isaaclab_nhb/outputs/2026-06-10/13-20-07,13-20-07
2026-06-10,coopG1S1,model_.*.pt,.*,2000,4096,ActorCritic,False,holdbox,42,cuda:0,/home/zhaowenhao/isaaclab_nhb/isaaclab_nhb/outputs/2026-06-10/13-23-03,13-23-03
2026-06-10,coopG1S1,model_.*.pt,.*,2000,4096,ActorCritic,False,holdbox,42,cuda:0,/home/zhaowenhao/isaaclab_nhb/isaaclab_nhb/outputs/2026-06-10/13-39-14,13-39-14
2026-06-10,coopG1S1,model_.*.pt,.*,2000,4096,ActorCritic,False,holdbox,42,cuda:0,/home/zhaowenhao/isaaclab_nhb/isaaclab_nhb/outputs/2026-06-10/13-51-19,13-51-19
2026-06-10,coopG1S1,model_.*.pt,.*,2000,4096,ActorCritic,False,holdbox,42,cuda:0,/home/zhaowenhao/isaaclab_nhb/isaaclab_nhb/outputs/2026-06-10/16-33-44,16-33-44
2026-06-10,coopG1S1,model_.*.pt,.*,2000,4096,ActorCritic,False,holdbox,42,cuda:0,/home/zhaowenhao/isaaclab_nhb/isaaclab_nhb/outputs/2026-06-10/16-40-54,16-40-54
2026-06-10,coopG1S1,model_.*.pt,.*,2000,4096,ActorCritic,False,holdbox,42,cuda:0,/home/zhaowenhao/isaaclab_nhb/isaaclab_nhb/outputs/2026-06-10/16-56-55,16-56-55
2026-06-10,coopG1S1,model_.*.pt,.*,2000,4096,ActorCritic,False,holdbox,42,cuda:0,/home/zhaowenhao/isaaclab_nhb/isaaclab_nhb/outputs/2026-06-10/16-57-25,16-57-25
2026-06-10,coopG1S1,model_.*.pt,.*,2000,4096,ActorCritic,False,holdbox,42,cuda:0,/home/zhaowenhao/isaaclab_nhb/isaaclab_nhb/outputs/2026-06-10/17-01-52,17-01-52
2026-06-10,coopG1S1,model_.*.pt,.*,2000,4096,ActorCritic,False,holdbox,42,cuda:0,/home/zhaowenhao/isaaclab_nhb/isaaclab_nhb/outputs/2026-06-10/17-03-08,17-03-08
2026-06-10,coopG1S1,model_.*.pt,.*,2000,4096,ActorCritic,False,holdbox,42,cuda:0,/home/zhaowenhao/isaaclab_nhb/isaaclab_nhb/outputs/2026-06-10/17-12-27,17-12-27
2026-06-11,coopG1S1,model_.*.pt,.*,2000,4096,ActorCritic,False,holdbox,42,cuda:0,/home/zhaowenhao/isaaclab_nhb/isaaclab_nhb/outputs/2026-06-11/07-08-39,07-08-39
2026-06-11,coopG1S1,model_.*.pt,.*,2000,4096,ActorCritic,False,holdbox,42,cuda:0,/home/zhaowenhao/isaaclab_nhb/isaaclab_nhb/outputs/2026-06-11/08-44-21,08-44-21
2026-06-11,coopG1S1,model_.*.pt,.*,2000,4096,ActorCritic,False,holdbox,42,cuda:0,/home/zhaowenhao/isaaclab_nhb/isaaclab_nhb/outputs/2026-06-11/09-25-25,09-25-25
2026-06-11,coopG1S1,model_.*.pt,.*,2000,4096,ActorCritic,False,holdbox,42,cuda:0,/home/zhaowenhao/isaaclab_nhb/isaaclab_nhb/outputs/2026-06-11/10-32-58,10-32-58
2026-06-11,coopG1S1,model_.*.pt,.*,2000,4096,ActorCritic,False,holdbox,42,cuda:0,/home/zhaowenhao/isaaclab_nhb/isaaclab_nhb/outputs/2026-06-11/18-54-53,18-54-53
2026-06-11,coopG1S1,model_.*.pt,.*,2000,4096,ActorCritic,False,holdbox,42,cuda:0,/home/zhaowenhao/isaaclab_nhb/isaaclab_nhb/outputs/2026-06-11/19-03-57,19-03-57
2026-06-11,coopG1S1,model_.*.pt,.*,2000,4096,ActorCritic,False,holdbox,42,cuda:0,/home/zhaowenhao/isaaclab_nhb/isaaclab_nhb/outputs/2026-06-11/19-05-42,19-05-42
2026-06-12,coopG1S1,model_.*.pt,.*,2000,4096,ActorCritic,False,holdbox,42,cuda:0,/home/zhaowenhao/isaaclab_nhb/isaaclab_nhb/outputs/2026-06-12/11-33-26,11-33-26
2026-06-12,coopG1S1,model_.*.pt,.*,2000,4096,ActorCritic,False,holdbox,42,cuda:0,/home/zhaowenhao/isaaclab_nhb/isaaclab_nhb/outputs/2026-06-12/11-37-09,11-37-09
2026-06-12,coopG1S1,model_.*.pt,.*,2000,4096,ActorCritic,False,holdbox,42,cuda:0,/home/zhaowenhao/isaaclab_nhb/isaaclab_nhb/outputs/2026-06-12/11-40-09,11-40-09
2026-06-12,coopG1S1,model_.*.pt,.*,2000,4096,ActorCritic,False,holdbox,42,cuda:0,/home/zhaowenhao/isaaclab_nhb/isaaclab_nhb/outputs/2026-06-12/11-42-46,11-42-46
2026-06-12,coopG1S1,model_.*.pt,.*,2000,4096,ActorCritic,False,holdbox,42,cuda:0,/home/zhaowenhao/isaaclab_nhb/isaaclab_nhb/outputs/2026-06-12/13-55-37,13-55-37
2026-06-12,coopG1S1,model_.*.pt,.*,2000,4096,ActorCritic,False,holdbox,42,cuda:0,/home/zhaowenhao/isaaclab_nhb/isaaclab_nhb/outputs/2026-06-12/13-57-05,13-57-05
2026-06-12,coopG1S1,model_.*.pt,.*,2000,4096,ActorCritic,False,holdbox,42,cuda:0,/home/zhaowenhao/isaaclab_nhb/isaaclab_nhb/outputs/2026-06-12/19-39-51,19-39-51
2026-06-12,coopG1S1,model_.*.pt,.*,2000,4096,ActorCritic,False,holdbox,42,cuda:0,/home/zhaowenhao/isaaclab_nhb/isaaclab_nhb/outputs/2026-06-12/19-53-42,19-53-42
2026-06-12,coopG1S1,model_.*.pt,.*,2000,4096,ActorCritic,False,holdbox,42,cuda:0,/home/zhaowenhao/isaaclab_nhb/isaaclab_nhb/outputs/2026-06-12/20-44-43,20-44-43
2026-06-13,coopG1S1,model_.*.pt,.*,2000,4096,ActorCritic,False,holdbox,42,cuda:0,/home/zhaowenhao/isaaclab_nhb/isaaclab_nhb/outputs/2026-06-13/13-11-34,13-11-34
2026-06-14,coopG1S1,model_.*.pt,.*,2000,4096,ActorCritic,False,holdbox,42,cuda:0,/home/zhaowenhao/isaaclab_nhb/isaaclab_nhb/outputs/2026-06-14/12-06-02,12-06-02
2026-06-14,coopG1S1,model_.*.pt,.*,2000,4096,ActorCritic,False,holdbox,42,cuda:0,/home/zhaowenhao/isaaclab_nhb/isaaclab_nhb/outputs/2026-06-14/12-21-25,12-21-25
2026-06-14,coopG1S1,model_.*.pt,.*,2000,4096,ActorCritic,False,holdbox,42,cuda:0,/home/zhaowenhao/isaaclab_nhb/isaaclab_nhb/outputs/2026-06-14/12-23-44,12-23-44
2026-06-14,coopG1S1,model_.*.pt,.*,2000,4096,ActorCritic,False,holdbox,42,cuda:0,/home/zhaowenhao/isaaclab_nhb/isaaclab_nhb/outputs/2026-06-14/12-51-30,12-51-30
2026-06-14,coopG1S1,model_.*.pt,.*,2000,4096,ActorCritic,False,holdbox,42,cuda:0,/home/zhaowenhao/isaaclab_nhb/isaaclab_nhb/outputs/2026-06-14/12-54-00,12-54-00
2026-06-14,coopG1S1,model_.*.pt,.*,2000,4096,ActorCritic,False,holdbox,42,cuda:0,/home/zhaowenhao/isaaclab_nhb/isaaclab_nhb/outputs/2026-06-14/12-54-15,12-54-15
2026-06-14,coopG1S1,model_.*.pt,.*,2000,4096,ActorCritic,False,holdbox,42,cuda:0,/home/zhaowenhao/isaaclab_nhb/isaaclab_nhb/outputs/2026-06-14/20-34-38,20-34-38
2026-06-14,coopG1S1,model_.*.pt,.*,2000,4096,ActorCritic,False,holdbox,42,cuda:0,/home/zhaowenhao/isaaclab_nhb/isaaclab_nhb/outputs/2026-06-14/20-38-36,20-38-36
2026-06-14,coopG1S1,model_.*.pt,.*,2000,4096,ActorCritic,False,holdbox,42,cuda:0,/home/zhaowenhao/isaaclab_nhb/isaaclab_nhb/outputs/2026-06-14/21-51-53,21-51-53
2026-06-14,coopG1S1,model_.*.pt,.*,2000,4096,ActorCritic,False,holdbox,42,cuda:0,/home/zhaowenhao/isaaclab_nhb/isaaclab_nhb/outputs/2026-06-14/21-52-04,21-52-04
2026-06-14,coopG1S1,model_.*.pt,.*,2000,4096,ActorCritic,False,holdbox,42,cuda:0,/home/zhaowenhao/isaaclab_nhb/isaaclab_nhb/outputs/2026-06-14/22-02-38,22-02-38
2026-06-15,coopG1S1,model_.*.pt,.*,2000,4096,ActorCritic,False,holdbox,42,cuda:0,/home/zhaowenhao/isaaclab_nhb/isaaclab_nhb/outputs/2026-06-15/12-47-21,12-47-21
2026-06-15,coopG1S1,model_.*.pt,.*,2000,4096,ActorCritic,False,holdbox,42,cuda:0,/home/zhaowenhao/isaaclab_nhb/isaaclab_nhb/outputs/2026-06-15/12-48-30,12-48-30
2026-06-15,coopG1S1,model_.*.pt,.*,2000,4096,ActorCritic,False,holdbox,42,cuda:0,/home/zhaowenhao/isaaclab_nhb/isaaclab_nhb/outputs/2026-06-15/12-51-44,12-51-44
2026-06-15,coopG1S1,model_.*.pt,.*,2000,4096,ActorCritic,False,holdbox,42,cuda:0,/home/zhaowenhao/isaaclab_nhb/isaaclab_nhb/outputs/2026-06-15/13-02-58,13-02-58
2026-06-15,coopG1S1,model_.*.pt,.*,2000,4096,ActorCritic,False,holdbox,42,cuda:0,/home/zhaowenhao/isaaclab_nhb/isaaclab_nhb/outputs/2026-06-15/13-14-01,13-14-01
2026-06-15,coopG1S1,model_.*.pt,.*,2000,4096,ActorCritic,False,holdbox,42,cuda:0,/home/zhaowenhao/isaaclab_nhb/isaaclab_nhb/outputs/2026-06-15/14-45-11,14-45-11
2026-06-15,coopG1S1,model_.*.pt,.*,2000,4096,ActorCritic,False,holdbox,42,cuda:0,/home/zhaowenhao/isaaclab_nhb/isaaclab_nhb/outputs/2026-06-15/14-46-40,14-46-40
2026-06-15,coopG1S1,model_.*.pt,.*,2000,4096,ActorCritic,False,holdbox,42,cuda:0,/home/zhaowenhao/isaaclab_nhb/isaaclab_nhb/outputs/2026-06-15/14-51-39,14-51-39
2026-06-15,coopG1S1,model_.*.pt,.*,2000,4096,ActorCritic,False,holdbox,42,cuda:0,/home/zhaowenhao/isaaclab_nhb/isaaclab_nhb/outputs/2026-06-15/15-23-24,15-23-24
2026-06-20,coopG1S1,model_.*.pt,.*,2000,4096,ActorCritic,False,holdbox,42,cuda:0,/home/zhaowenhao/isaaclab_nhb/isaaclab_nhb/outputs/2026-06-20/14-40-52,14-40-52
2026-06-20,coopG1S1,model_.*.pt,.*,2000,4096,ActorCritic,False,holdbox,42,cuda:0,/home/zhaowenhao/isaaclab_nhb/isaaclab_nhb/outputs/2026-06-20/14-46-15,14-46-15
2026-06-20,coopG1S1,model_.*.pt,.*,2000,4096,ActorCritic,False,holdbox,42,cuda:0,/home/zhaowenhao/isaaclab_nhb/isaaclab_nhb/outputs/2026-06-20/14-50-18,14-50-18
2026-06-20,coopG1S1,model_.*.pt,.*,2000,4096,ActorCritic,False,holdbox,42,cuda:0,/home/zhaowenhao/isaaclab_nhb/isaaclab_nhb/outputs/2026-06-20/22-30-56,22-30-56
2026-06-21,coopG1S1,model_.*.pt,.*,2000,4096,ActorCritic,False,holdbox,42,cuda:0,/home/zhaowenhao/isaaclab_nhb/isaaclab_nhb/outputs/2026-06-21/02-23-53,02-23-53
2026-06-21,coopG1S1,model_.*.pt,.*,2000,4096,ActorCritic,False,holdbox,42,cuda:0,/home/zhaowenhao/isaaclab_nhb/isaaclab_nhb/outputs/2026-06-21/13-22-31,13-22-31
2026-06-21,coopG1S1,model_.*.pt,.*,2000,4096,ActorCritic,False,holdbox,42,cuda:0,/home/zhaowenhao/isaaclab_nhb/isaaclab_nhb/outputs/2026-06-21/13-25-42,13-25-42
2026-06-21,coopG1S1,model_.*.pt,.*,2000,4096,ActorCritic,False,holdbox,42,cuda:0,/home/zhaowenhao/isaaclab_nhb/isaaclab_nhb/outputs/2026-06-21/14-49-52,14-49-52
2026-06-22,coopG1S1,model_.*.pt,.*,2000,4096,ActorCritic,False,holdbox,42,cuda:0,/home/zhaowenhao/isaaclab_nhb/isaaclab_nhb/outputs/2026-06-22/09-47-05,09-47-05
2026-06-22,coopG1S1,model_.*.pt,.*,2000,4096,ActorCritic,False,holdbox,42,cuda:0,/home/zhaowenhao/isaaclab_nhb/isaaclab_nhb/outputs/2026-06-22/09-48-36,09-48-36
2026-06-22,coopG1S1,model_.*.pt,.*,2000,4096,ActorCritic,False,holdbox,42,cuda:0,/home/zhaowenhao/isaaclab_nhb/isaaclab_nhb/outputs/2026-06-22/10-01-29,10-01-29
2026-06-22,coopG1S1,model_.*.pt,.*,2000,4096,ActorCritic,False,holdbox,42,cuda:0,/home/zhaowenhao/isaaclab_nhb/isaaclab_nhb/outputs/2026-06-22/10-02-05,10-02-05
2026-06-22,coopG1S1,model_.*.pt,.*,2000,4096,ActorCritic,False,holdbox,42,cuda:0,/home/zhaowenhao/isaaclab_nhb/isaaclab_nhb/outputs/2026-06-22/10-02-34,10-02-34
2026-06-22,coopG1S1,model_.*.pt,.*,2000,4096,ActorCritic,False,holdbox,42,cuda:0,/home/zhaowenhao/isaaclab_nhb/isaaclab_nhb/outputs/2026-06-22/10-04-12,10-04-12
2026-06-22,coopG1S1,model_.*.pt,.*,2000,4096,ActorCritic,False,holdbox,42,cuda:0,/home/zhaowenhao/isaaclab_nhb/isaaclab_nhb/outputs/2026-06-22/10-33-06,10-33-06
2026-06-22,coopG1S1,model_.*.pt,.*,2000,4096,ActorCritic,False,holdbox,42,cuda:0,/home/zhaowenhao/isaaclab_nhb/isaaclab_nhb/outputs/2026-06-22/10-44-13,10-44-13
2026-06-22,coopG1S1,model_.*.pt,.*,2000,4096,ActorCritic,False,holdbox,42,cuda:0,/home/zhaowenhao/isaaclab_nhb/isaaclab_nhb/outputs/2026-06-22/10-55-55,10-55-55
2026-06-22,coopG1S1,model_.*.pt,.*,2000,4096,ActorCritic,False,holdbox,42,cuda:0,/home/zhaowenhao/isaaclab_nhb/isaaclab_nhb/outputs/2026-06-22/11-05-14,11-05-14
2026-06-22,coopG1S1,model_.*.pt,.*,2000,4096,ActorCritic,False,holdbox,42,cuda:0,/home/zhaowenhao/isaaclab_nhb/isaaclab_nhb/outputs/2026-06-22/11-26-35,11-26-35
