actor_class,actor_hidden_dims,actual_last_iteration,arm_pose_weight,checkpoint_bytes,checkpoint_count,command_ang_vel_z,command_lin_vel_x,command_lin_vel_y,critic_hidden_dims,event_files,experiment,feet_air_time_weight,final_Episode_Reward__gait,final_Episode_Reward__hand_payload_pose,final_Episode_Reward__track_lin_vel_xy,final_Episode_Reward__track_lin_vel_xy_fine,final_Loss__learning_rate,final_Metrics__base_velocity__error_vel_xy,final_Metrics__base_velocity__error_vel_yaw,final_Policy__mean_noise_std,final_Train__mean_episode_length,final_Train__mean_reward,gait_weight,hand_pose_weight,has_agent_yaml,has_env_yaml,latest_checkpoint_path,latest_checkpoint_step,load_checkpoint,load_run,max_iterations_cfg,num_envs,pelvis_ang_vel_weight,policy_has_base_ang_vel,policy_has_base_lin_vel,policy_history_length,policy_terms,resume,run,run_path,seed,torso_ang_vel_weight,track_vel_fine_std,track_vel_fine_weight,track_vel_std,track_vel_weight,upright_pelvis_weight,upright_torso_weight
ActorCritic,"[512, 256, 128]",127928,,20051982,2,"[0.0, 0.0]","[0.0, 0.4]","[0.0, 0.0]","[512, 256, 128]",1,coopG1S0,,,,1.9925086498260498,,9.999999747378752e-06,0.052661459892988205,0.14519253373146057,0.104485884308815,1000.0,105.9555892944336,,,True,True,/home/zhaowenhao/isaaclab_nhb/isaaclab_nhb/logs/rsl_rl/coopG1S0/2026-05-15_21-59-12_coopG1S0_hist5_steadyreward_50k_gui/model_42600.pt,42600,model_.*.pt,.*,50000,4096,,True,False,5,base_ang_vel|projected_gravity|velocity_commands|joint_pos|joint_vel|actions,False,2026-05-15_21-59-12_coopG1S0_hist5_steadyreward_50k_gui,/home/zhaowenhao/isaaclab_nhb/isaaclab_nhb/logs/rsl_rl/coopG1S0/2026-05-15_21-59-12_coopG1S0_hist5_steadyreward_50k_gui,42,0.2,,,0.5,2.0,,0.25
ActorCritic,"[512, 256, 128]",47599,,260675766,26,"[0.0, 0.0]","[0.0, 0.4]","[0.0, 0.0]","[512, 256, 128]",1,coopG1S0,,,,1.9800455570220947,,2.2500000341096893e-05,0.08521747589111328,0.2119653820991516,0.1768866628408432,1000.0,137.96014404296875,,,True,True,/home/zhaowenhao/isaaclab_nhb/isaaclab_nhb/logs/rsl_rl/coopG1S0/2026-06-06_13-45-36_s0_clean_arm_waist_yaw_from42600_16k_5k/model_47599.pt,47599,model_42600.pt,2026-05-15_21-59-12_coopG1S0_hist5_steadyreward_50k_gui,5000,16384,,True,False,5,base_ang_vel|projected_gravity|velocity_commands|joint_pos|joint_vel|actions,True,2026-06-06_13-45-36_s0_clean_arm_waist_yaw_from42600_16k_5k,/home/zhaowenhao/isaaclab_nhb/isaaclab_nhb/logs/rsl_rl/coopG1S0/2026-06-06_13-45-36_s0_clean_arm_waist_yaw_from42600_16k_5k,42,0.2,,,0.5,2.0,,0.25
ActorCritic,"[512, 256, 128]",31363,,240504389,23,"[0.0, 0.0]","[0.0, 0.4]","[0.0, 0.0]","[512, 256, 128]",1,coopG1S0,,0.9209734201431274,,0.9840020537376404,,3.3749998692655936e-05,0.1075436919927597,0.4372570514678955,0.1388184279203415,1000.0,170.08277893066406,1.0,,True,True,/home/zhaowenhao/isaaclab_nhb/isaaclab_nhb/logs/rsl_rl/coopG1S0/2026-06-09_11-36-13_s0_gait_bodyyaw_16k_5k/model_4400.pt,4400,model_.*.pt,.*,50000,16384,,True,False,5,gait_commands|base_ang_vel|projected_gravity|velocity_commands|joint_pos|joint_vel|actions,False,2026-06-09_11-36-13_s0_gait_bodyyaw_16k_5k,/home/zhaowenhao/isaaclab_nhb/isaaclab_nhb/logs/rsl_rl/coopG1S0/2026-06-09_11-36-13_s0_gait_bodyyaw_16k_5k,42,0.2,,,0.5,1.0,,0.25
ActorCritic,"[512, 256, 128]",40222,,334615202,32,"[0.0, 0.0]","[0.0, 0.4]","[0.0, 0.0]","[512, 256, 128]",1,coopG1S0,,0.940698504447937,,0.983454704284668,,3.3749998692655936e-05,0.0973740667104721,0.40335768461227417,0.13121357560157776,993.6300048828125,191.2429656982422,1.0,,True,True,/home/zhaowenhao/isaaclab_nhb/isaaclab_nhb/logs/rsl_rl/coopG1S0/2026-06-09_20-22-44_s0_gait_pelvis_feetorient_16k_5k/model_6200.pt,6200,model_.*.pt,.*,50000,16384,0.2,True,False,5,gait_commands|base_ang_vel|projected_gravity|velocity_commands|joint_pos|joint_vel|actions,False,2026-06-09_20-22-44_s0_gait_pelvis_feetorient_16k_5k,/home/zhaowenhao/isaaclab_nhb/isaaclab_nhb/logs/rsl_rl/coopG1S0/2026-06-09_20-22-44_s0_gait_pelvis_feetorient_16k_5k,42,0.2,,,0.5,1.0,0.2,0.25
ActorCritic,"[512, 256, 128]",92599,-0.02,2516523741,251,"[0.0, 0.0]","[0.0, 0.4]","[0.0, 0.0]","[512, 256, 128]",1,coopG1S1,,,2.2256447263717955e-19,1.9968700408935547,,1.4999999621068127e-05,0.03329883888363838,0.10048192739486694,0.082495778799057,1000.0,136.7548828125,,1.25,True,True,/home/zhaowenhao/isaaclab_nhb/isaaclab_nhb/logs/rsl_rl/coopG1S1/2026-05-28_19-29-28_s1_height2_carrypose_fromS0_50k_headless/model_92599.pt,92599,model_42600.pt,s0_init_42600,50000,4096,,True,False,5,base_ang_vel|projected_gravity|velocity_commands|joint_pos|joint_vel|actions,True,2026-05-28_19-29-28_s1_height2_carrypose_fromS0_50k_headless,/home/zhaowenhao/isaaclab_nhb/isaaclab_nhb/logs/rsl_rl/coopG1S1/2026-05-28_19-29-28_s1_height2_carrypose_fromS0_50k_headless,42,0.2,,,0.5,2.0,,0.25
ActorCritic,"[512, 256, 128]",1,-0.02,10025023,1,"[0.0, 0.0]","[0.0, 0.4]","[0.0, 0.0]","[512, 256, 128]",1,coopG1S1,,,4.841833053125957e-21,0.00957782007753849,,9.999999747378752e-06,0.0031884144991636276,0.02890731394290924,0.9996616840362549,14.0,0.1328319013118744,,1.25,True,True,/home/zhaowenhao/isaaclab_nhb/isaaclab_nhb/logs/rsl_rl/coopG1S1/2026-05-30_17-24-12_holdbox/model_0.pt,0,model_.*.pt,.*,1,1,,True,False,5,base_ang_vel|projected_gravity|velocity_commands|joint_pos|joint_vel|actions,False,2026-05-30_17-24-12_holdbox,/home/zhaowenhao/isaaclab_nhb/isaaclab_nhb/logs/rsl_rl/coopG1S1/2026-05-30_17-24-12_holdbox,42,0.2,,,0.5,2.0,,0.25
ActorCritic,"[512, 256, 128]",153336,-0.2,330854269,33,"[0.0, 0.0]","[0.0, 0.4]","[0.0, 0.0]","[512, 256, 128]",1,coopG1S1,,,12.409893035888672,1.9842017889022827,,1.4999999621068127e-05,0.10140404105186462,0.22949394583702087,0.1007707491517067,1000.0,381.1302795410156,,12.5,True,True,/home/zhaowenhao/isaaclab_nhb/isaaclab_nhb/logs/rsl_rl/coopG1S1/2026-06-01_20-06-52_s1_scratch_support_pose_boxup_16k_50k_save1k/model_32000.pt,32000,model_.*.pt,.*,50000,16384,,True,False,5,base_ang_vel|projected_gravity|velocity_commands|joint_pos|joint_vel|actions,False,2026-06-01_20-06-52_s1_scratch_support_pose_boxup_16k_50k_save1k,/home/zhaowenhao/isaaclab_nhb/isaaclab_nhb/logs/rsl_rl/coopG1S1/2026-06-01_20-06-52_s1_scratch_support_pose_boxup_16k_50k_save1k,42,0.2,,,0.5,2.0,,0.25
ActorCritic,"[512, 256, 128]",47599,-0.2,60155946,6,"[0.0, 0.0]","[0.0, 0.4]","[0.0, 0.0]","[512, 256, 128]",1,coopG1S1,,,12.375144958496094,1.967718482017517,,9.999999747378752e-06,0.10466527193784714,0.27404892444610596,0.15628750622272491,1000.0,378.54595947265625,,12.5,True,True,/home/zhaowenhao/isaaclab_nhb/isaaclab_nhb/logs/rsl_rl/coopG1S1/2026-06-01_20-07-28_s1_fromS0_42600_support_pose_boxup_16k_5k_save1k/model_47599.pt,47599,model_42600.pt,fromS0_2026-05-15_model_42600,5000,16384,,True,False,5,base_ang_vel|projected_gravity|velocity_commands|joint_pos|joint_vel|actions,True,2026-06-01_20-07-28_s1_fromS0_42600_support_pose_boxup_16k_5k_save1k,/home/zhaowenhao/isaaclab_nhb/isaaclab_nhb/logs/rsl_rl/coopG1S1/2026-06-01_20-07-28_s1_fromS0_42600_support_pose_boxup_16k_5k_save1k,42,0.2,,,0.5,2.0,,0.25
ActorCritic,"[512, 256, 128]",97598,-0.2,60155946,6,"[0.0, 0.0]","[0.0, 0.4]","[0.0, 0.0]","[512, 256, 128]",1,coopG1S1,,,12.320528030395508,1.6413285732269287,,1.4999999621068127e-05,0.40080076456069946,0.42889365553855896,0.27675336599349976,1000.0,363.76300048828125,,12.5,True,True,/home/zhaowenhao/isaaclab_nhb/isaaclab_nhb/logs/rsl_rl/coopG1S1/2026-06-02_13-45-44_s1_fromMay28_92599_support_pose_boxup_16k_5k_save1k/model_97598.pt,97598,model_92599.pt,2026-05-28_19-29-28_s1_height2_carrypose_fromS0_50k_headless,5000,16384,,True,False,5,base_ang_vel|projected_gravity|velocity_commands|joint_pos|joint_vel|actions,True,2026-06-02_13-45-44_s1_fromMay28_92599_support_pose_boxup_16k_5k_save1k,/home/zhaowenhao/isaaclab_nhb/isaaclab_nhb/logs/rsl_rl/coopG1S1/2026-06-02_13-45-44_s1_fromMay28_92599_support_pose_boxup_16k_5k_save1k,42,0.2,,,0.5,2.0,,0.25
ActorCritic,"[512, 256, 128]",96555,-0.2,40103964,4,"[0.0, 0.0]","[0.25, 0.4]","[0.0, 0.0]","[512, 256, 128]",1,coopG1S1,,,7.815268516540527,9.968116760253906,,9.999999747378752e-06,0.04783516749739647,0.14033158123493195,0.07775435596704483,1000.0,427.0405578613281,,8.0,True,True,/home/zhaowenhao/isaaclab_nhb/isaaclab_nhb/logs/rsl_rl/coopG1S1/2026-06-03_08-19-24_s1_fromMay30_92599_vel10_hand8_cfg_16k_5k/model_96000.pt,96000,model_92599.pt,2026-05-30_17-41-21_s1_fromS0_42600,5000,16384,,True,False,5,base_ang_vel|projected_gravity|velocity_commands|joint_pos|joint_vel|actions,True,2026-06-03_08-19-24_s1_fromMay30_92599_vel10_hand8_cfg_16k_5k,/home/zhaowenhao/isaaclab_nhb/isaaclab_nhb/logs/rsl_rl/coopG1S1/2026-06-03_08-19-24_s1_fromMay30_92599_vel10_hand8_cfg_16k_5k,42,0.2,,,0.5,10.0,,0.25
ActorCritic,"[512, 256, 128]",101609,-0.2,40104128,4,"[0.0, 0.0]","[0.25, 0.4]","[0.0, 0.0]","[512, 256, 128]",1,coopG1S1,,,7.9356231689453125,9.964590072631836,,9.999999747378752e-06,0.08626797050237656,0.39916378259658813,0.1192285493016243,1000.0,449.7660827636719,,8.0,True,True,/home/zhaowenhao/isaaclab_nhb/isaaclab_nhb/logs/rsl_rl/coopG1S1/2026-06-03_08-20-14_s1_fromJun02_97598_vel10_hand8_cfg_16k_5k/model_101000.pt,101000,model_97598.pt,2026-06-02_13-45-44_s1_fromMay28_92599_support_pose_boxup_16k_5k_save1k,5000,16384,,True,False,5,base_ang_vel|projected_gravity|velocity_commands|joint_pos|joint_vel|actions,True,2026-06-03_08-20-14_s1_fromJun02_97598_vel10_hand8_cfg_16k_5k,/home/zhaowenhao/isaaclab_nhb/isaaclab_nhb/logs/rsl_rl/coopG1S1/2026-06-03_08-20-14_s1_fromJun02_97598_vel10_hand8_cfg_16k_5k,42,0.2,,,0.5,10.0,,0.25
ActorCritic,"[512, 256, 128]",98352,-0.2,30077973,3,"[0.0, 0.0]","[0.25, 0.4]","[0.0, 0.0]","[512, 256, 128]",1,coopG1S1,0.5,,7.846319198608398,9.946849822998047,,1.4999999621068127e-05,0.0627216249704361,0.18571555614471436,0.09022066742181778,1000.0,449.6906433105469,,8.0,True,True,/home/zhaowenhao/isaaclab_nhb/isaaclab_nhb/logs/rsl_rl/coopG1S1/2026-06-04_10-10-45_s1_fromMay30_96000_feet_contact_orient_torso_16k_5k/model_98000.pt,98000,model_96000.pt,2026-06-03_08-19-24_s1_fromMay30_92599_vel10_hand8_cfg_16k_5k,5000,16384,,True,False,5,base_ang_vel|projected_gravity|velocity_commands|joint_pos|joint_vel|actions,True,2026-06-04_10-10-45_s1_fromMay30_96000_feet_contact_orient_torso_16k_5k,/home/zhaowenhao/isaaclab_nhb/isaaclab_nhb/logs/rsl_rl/coopG1S1/2026-06-04_10-10-45_s1_fromMay30_96000_feet_contact_orient_torso_16k_5k,42,0.2,,,0.5,10.0,,0.25
ActorCritic,"[512, 256, 128]",103486,-0.2,30078219,3,"[0.0, 0.0]","[0.25, 0.4]","[0.0, 0.0]","[512, 256, 128]",1,coopG1S1,0.5,,7.923675537109375,9.947853088378906,,9.999999747378752e-06,0.0876275822520256,0.5061410665512085,0.10103482007980347,1000.0,480.48699951171875,,8.0,True,True,/home/zhaowenhao/isaaclab_nhb/isaaclab_nhb/logs/rsl_rl/coopG1S1/2026-06-04_10-11-08_s1_fromJun02_101000_feet_contact_orient_torso_16k_5k/model_103000.pt,103000,model_101000.pt,2026-06-03_08-20-14_s1_fromJun02_97598_vel10_hand8_cfg_16k_5k,5000,16384,,True,False,5,base_ang_vel|projected_gravity|velocity_commands|joint_pos|joint_vel|actions,True,2026-06-04_10-11-08_s1_fromJun02_101000_feet_contact_orient_torso_16k_5k,/home/zhaowenhao/isaaclab_nhb/isaaclab_nhb/logs/rsl_rl/coopG1S1/2026-06-04_10-11-08_s1_fromJun02_101000_feet_contact_orient_torso_16k_5k,42,0.2,,,0.5,10.0,,0.25
ActorCritic,"[512, 256, 128]",47171,-0.15,50129955,5,"[0.0, 0.0]","[0.25, 0.4]","[0.0, 0.0]","[512, 256, 128]",1,coopG1S1,0.5,,3.892780303955078,9.920703887939453,,1.4999999621068127e-05,0.08343066275119781,0.4321154057979584,0.20172415673732758,1000.0,428.13134765625,,4.0,True,True,/home/zhaowenhao/isaaclab_nhb/isaaclab_nhb/logs/rsl_rl/coopG1S1/2026-06-06_13-45-42_s1_repair_from43000_hand4_yaw3_16k_5k/model_47000.pt,47000,model_43000.pt,2026-06-01_20-07-28_s1_fromS0_42600_support_pose_boxup_16k_5k_save1k,5000,16384,,True,False,5,base_ang_vel|projected_gravity|velocity_commands|joint_pos|joint_vel|actions,True,2026-06-06_13-45-42_s1_repair_from43000_hand4_yaw3_16k_5k,/home/zhaowenhao/isaaclab_nhb/isaaclab_nhb/logs/rsl_rl/coopG1S1/2026-06-06_13-45-42_s1_repair_from43000_hand4_yaw3_16k_5k,42,0.2,,,0.5,10.0,,0.25
ActorCritic,"[512, 256, 128]",47999,-0.15,60155946,6,"[0.0, 0.0]","[0.25, 0.4]","[0.0, 0.0]","[512, 256, 128]",1,coopG1S1,,,3.899704694747925,9.938606262207031,,9.999999747378752e-06,0.06476655602455139,0.29764485359191895,0.11937299370765686,991.260009765625,435.1046447753906,,4.0,True,True,/home/zhaowenhao/isaaclab_nhb/isaaclab_nhb/logs/rsl_rl/coopG1S1/2026-06-06_19-19-37_s1_repair_from43000_hand4_yaw3_slide_clearance_16k_5k/model_47999.pt,47999,model_43000.pt,2026-06-01_20-07-28_s1_fromS0_42600_support_pose_boxup_16k_5k_save1k,5000,16384,,True,False,5,base_ang_vel|projected_gravity|velocity_commands|joint_pos|joint_vel|actions,True,2026-06-06_19-19-37_s1_repair_from43000_hand4_yaw3_slide_clearance_16k_5k,/home/zhaowenhao/isaaclab_nhb/isaaclab_nhb/logs/rsl_rl/coopG1S1/2026-06-06_19-19-37_s1_repair_from43000_hand4_yaw3_slide_clearance_16k_5k,42,0.2,,,0.5,10.0,,0.25
ActorCritic,"[512, 256, 128]",47999,-0.15,60155946,6,"[0.0, 0.0]","[0.25, 0.4]","[0.0, 0.0]","[512, 256, 128]",1,coopG1S1,,,9.801547351528939e-10,0.963230550289154,,9.999999747378752e-06,0.1802813857793808,0.16444256901741028,0.05782331898808479,1000.0,185.3655548095703,,2.0,True,True,/home/zhaowenhao/isaaclab_nhb/isaaclab_nhb/logs/rsl_rl/coopG1S1/2026-06-07_12-11-26_s1_from43000_vel1_ang15_height1_hand2_16k_5k/model_47999.pt,47999,model_43000.pt,2026-06-01_20-07-28_s1_fromS0_42600_support_pose_boxup_16k_5k_save1k,5000,16384,,True,False,5,base_ang_vel|projected_gravity|velocity_commands|joint_pos|joint_vel|actions,True,2026-06-07_12-11-26_s1_from43000_vel1_ang15_height1_hand2_16k_5k,/home/zhaowenhao/isaaclab_nhb/isaaclab_nhb/logs/rsl_rl/coopG1S1/2026-06-07_12-11-26_s1_from43000_vel1_ang15_height1_hand2_16k_5k,42,0.2,,,0.5,1.0,,0.25
ActorCritic,"[512, 256, 128]",36754,-0.15,80205042,8,"[0.0, 0.0]","[0.25, 0.4]","[0.0, 0.0]","[512, 256, 128]",1,coopG1S1,,,1.9425938129425049,0.646155059337616,,3.3749998692655936e-05,0.6433890461921692,0.24210762977600098,0.2105279266834259,984.72998046875,218.66709899902344,,2.0,True,True,/home/zhaowenhao/isaaclab_nhb/isaaclab_nhb/logs/rsl_rl/coopG1S1/2026-06-07_23-42-38_s1_scratch_hand_pose_feet_default_16k_50k/model_7000.pt,7000,model_.*.pt,.*,50000,16384,,True,False,5,base_ang_vel|projected_gravity|velocity_commands|joint_pos|joint_vel|actions,False,2026-06-07_23-42-38_s1_scratch_hand_pose_feet_default_16k_50k,/home/zhaowenhao/isaaclab_nhb/isaaclab_nhb/logs/rsl_rl/coopG1S1/2026-06-07_23-42-38_s1_scratch_hand_pose_feet_default_16k_50k,42,0.2,,,0.5,1.0,,0.25
ActorCritic,"[512, 256, 128]",15065,-0.15,40102868,4,"[0.0, 0.0]","[0.25, 0.4]","[0.0, 0.0]","[512, 256, 128]",1,coopG1S1,,,1.9622085094451904,4.934185028076172,,3.3749998692655936e-05,0.11092217266559601,0.5760288238525391,0.22217662632465363,1000.0,260.4541931152344,,2.0,True,True,/home/zhaowenhao/isaaclab_nhb/isaaclab_nhb/logs/rsl_rl/coopG1S1/2026-06-08_10-54-15_s1_resume3000_forward_no_heading_vel3_std035_no_clearance_term06_16k_50k/model_6000.pt,6000,model_3000.pt,2026-06-07_23-42-38_s1_scratch_hand_pose_feet_default_16k_50k,5000,16384,,True,False,5,base_ang_vel|projected_gravity|velocity_commands|joint_pos|joint_vel|actions,True,2026-06-08_10-54-15_s1_resume3000_forward_no_heading_vel3_std035_no_clearance_term06_16k_50k,/home/zhaowenhao/isaaclab_nhb/isaaclab_nhb/logs/rsl_rl/coopG1S1/2026-06-08_10-54-15_s1_resume3000_forward_no_heading_vel3_std035_no_clearance_term06_16k_50k,42,0.2,,,0.35,5.0,,0.25
ActorCritic,"[512, 256, 128]",73326,-0.15,150386431,15,"[0.0, 0.0]","[0.25, 0.4]","[0.0, 0.0]","[512, 256, 128]",1,coopG1S1,1.0,,1.980072021484375,4.975209712982178,,2.2500000341096893e-05,0.10617224872112274,0.46456655859947205,0.1108810231089592,995.6099853515625,272.1979675292969,,2.0,True,True,/home/zhaowenhao/isaaclab_nhb/isaaclab_nhb/logs/rsl_rl/coopG1S1/2026-06-08_15-10-20_s1_scratch_forward_footdist_airtime_16k_50k/model_14000.pt,14000,model_.*.pt,.*,50000,16384,,True,False,5,base_ang_vel|projected_gravity|velocity_commands|joint_pos|joint_vel|actions,False,2026-06-08_15-10-20_s1_scratch_forward_footdist_airtime_16k_50k,/home/zhaowenhao/isaaclab_nhb/isaaclab_nhb/logs/rsl_rl/coopG1S1/2026-06-08_15-10-20_s1_scratch_forward_footdist_airtime_16k_50k,42,0.2,,,0.35,5.0,,0.25
ActorCritic,"[512, 256, 128]",23016,-0.15,60154302,6,"[0.0, 0.0]","[0.25, 0.4]","[0.0, 0.0]","[512, 256, 128]",1,coopG1S1,1.0,,1.9691426753997803,4.951859474182129,,9.999999747378752e-06,0.10143490880727768,0.5329869985580444,0.20146845281124115,1000.0,268.6807861328125,,2.0,True,True,/home/zhaowenhao/isaaclab_nhb/isaaclab_nhb/logs/rsl_rl/coopG1S1/2026-06-08_15-11-10_s1_resume3000_forward_footdist_airtime_16k_50k/model_5999.pt,5999,model_1000.pt,2026-06-07_23-42-38_s1_scratch_hand_pose_feet_default_16k_50k,5000,16384,,True,False,5,base_ang_vel|projected_gravity|velocity_commands|joint_pos|joint_vel|actions,True,2026-06-08_15-11-10_s1_resume3000_forward_footdist_airtime_16k_50k,/home/zhaowenhao/isaaclab_nhb/isaaclab_nhb/logs/rsl_rl/coopG1S1/2026-06-08_15-11-10_s1_resume3000_forward_footdist_airtime_16k_50k,42,0.2,,,0.35,5.0,,0.25
ActorCritic,"[512, 256, 128]",30712,-0.15,62739848,6,"[0.0, 0.0]","[0.25, 0.4]","[0.0, 0.0]","[512, 256, 128]",1,coopG1S1,1.0,0.8695346713066101,1.9636716842651367,4.966400146484375,,9.999999747378752e-06,0.06802936643362045,0.5809043645858765,0.07218625396490097,1000.0,328.3565979003906,1.0,2.0,True,True,/home/zhaowenhao/isaaclab_nhb/isaaclab_nhb/logs/rsl_rl/coopG1S1/2026-06-09_11-43-07_s1_scratch_gait_bodyyaw_holdbox_16k_50k/model_5000.pt,5000,model_.*.pt,.*,50000,16384,,True,False,5,gait_commands|base_ang_vel|projected_gravity|velocity_commands|joint_pos|joint_vel|actions,False,2026-06-09_11-43-07_s1_scratch_gait_bodyyaw_holdbox_16k_50k,/home/zhaowenhao/isaaclab_nhb/isaaclab_nhb/logs/rsl_rl/coopG1S1/2026-06-09_11-43-07_s1_scratch_gait_bodyyaw_holdbox_16k_50k,42,0.2,,,0.35,5.0,,0.25
ActorCritic,"[512, 256, 128]",73891,-0.15,167307910,16,"[0.0, 0.0]","[0.25, 0.4]","[0.0, 0.0]","[512, 256, 128]",1,coopG1S1,1.0,0.9362772703170776,1.9808543920516968,4.977464199066162,,9.999999747378752e-06,0.04200100898742676,0.2651202082633972,0.06470545381307602,1000.0,344.61102294921875,1.0,2.0,True,True,/home/zhaowenhao/isaaclab_nhb/isaaclab_nhb/logs/rsl_rl/coopG1S1/2026-06-09_20-22-31_s1_scratch_gait_pelvis_feetorient_holdbox_16k_50k/model_15000.pt,15000,model_.*.pt,.*,50000,16384,0.2,True,False,5,gait_commands|base_ang_vel|projected_gravity|velocity_commands|joint_pos|joint_vel|actions,False,2026-06-09_20-22-31_s1_scratch_gait_pelvis_feetorient_holdbox_16k_50k,/home/zhaowenhao/isaaclab_nhb/isaaclab_nhb/logs/rsl_rl/coopG1S1/2026-06-09_20-22-31_s1_scratch_gait_pelvis_feetorient_holdbox_16k_50k,42,0.2,,,0.35,5.0,0.2,0.25
ActorCritic,"[512, 256, 128]",40222,,334615202,32,"[0.0, 0.0]","[0.0, 0.4]","[0.0, 0.0]","[512, 256, 128]",1,coopG1S1,,0.940698504447937,,0.983454704284668,,3.3749998692655936e-05,0.0973740667104721,0.40335768461227417,0.13121357560157776,993.6300048828125,191.2429656982422,1.0,,True,True,/home/zhaowenhao/isaaclab_nhb/isaaclab_nhb/logs/rsl_rl/coopG1S0/2026-06-09_20-22-44_s0_gait_pelvis_feetorient_16k_5k/model_6200.pt,6200,model_.*.pt,.*,50000,16384,0.2,True,False,5,gait_commands|base_ang_vel|projected_gravity|velocity_commands|joint_pos|joint_vel|actions,False,2026-06-09_20-22-44_s0_gait_pelvis_feetorient_16k_5k,/home/zhaowenhao/isaaclab_nhb/isaaclab_nhb/logs/rsl_rl/coopG1S0/2026-06-09_20-22-44_s0_gait_pelvis_feetorient_16k_5k,42,0.2,,,0.5,1.0,0.2,0.25
ActorCritic,"[512, 256, 128]",24057,-0.15,62740542,6,"[0.0, 0.0]","[0.25, 0.4]","[0.0, 0.0]","[512, 256, 128]",1,coopG1S1,1.0,0.9228423833847046,1.8611328300721652e-07,4.966978073120117,,9.999999747378752e-06,0.048958729952573776,0.2320326566696167,0.05976983159780502,1000.0,299.47113037109375,1.0,2.0,True,True,/home/zhaowenhao/isaaclab_nhb/isaaclab_nhb/logs/rsl_rl/coopG1S1/2026-06-10_07-38-46_s1_fromS0_3000_gait_pelvis_feetorient_holdbox_16k_5k/model_7999.pt,7999,model_3000.pt,2026-06-09_20-22-44_s0_gait_pelvis_feetorient_16k_5k,5000,16384,0.2,True,False,5,gait_commands|base_ang_vel|projected_gravity|velocity_commands|joint_pos|joint_vel|actions,True,2026-06-10_07-38-46_s1_fromS0_3000_gait_pelvis_feetorient_holdbox_16k_5k,/home/zhaowenhao/isaaclab_nhb/isaaclab_nhb/logs/rsl_rl/coopG1S1/2026-06-10_07-38-46_s1_fromS0_3000_gait_pelvis_feetorient_holdbox_16k_5k,42,0.2,,,0.35,5.0,0.2,0.25
ActorCritic,"[512, 256, 128]",29363,-0.15,62740870,6,"[0.0, 0.0]","[0.25, 0.4]","[0.0, 0.0]","[512, 256, 128]",1,coopG1S1,1.0,0.9240630865097046,0.0032326390501111746,4.974285125732422,,9.999999747378752e-06,0.04544597119092941,0.26500946283340454,0.062354378402233124,1000.0,298.8653869628906,1.0,8.0,True,True,/home/zhaowenhao/isaaclab_nhb/isaaclab_nhb/logs/rsl_rl/coopG1S1/2026-06-10_16-57-26_s1_from7999_hand4_gait_pelvis_feetorient_holdbox_16k_5k/model_12998.pt,12998,model_7999.pt,2026-06-10_07-38-46_s1_fromS0_3000_gait_pelvis_feetorient_holdbox_16k_5k,5000,16384,0.2,True,False,5,gait_commands|base_ang_vel|projected_gravity|velocity_commands|joint_pos|joint_vel|actions,True,2026-06-10_16-57-26_s1_from7999_hand4_gait_pelvis_feetorient_holdbox_16k_5k,/home/zhaowenhao/isaaclab_nhb/isaaclab_nhb/logs/rsl_rl/coopG1S1/2026-06-10_16-57-26_s1_from7999_hand4_gait_pelvis_feetorient_holdbox_16k_5k,42,0.2,,,0.35,5.0,0.2,0.25
ActorCritic,"[512, 256, 128]",29073,-0.15,62740870,6,"[0.0, 0.0]","[0.25, 0.4]","[0.0, 0.0]","[512, 256, 128]",1,coopG1S1,1.0,0.8588640093803406,7.849796295166016,4.934635639190674,,1.4999999621068127e-05,0.07539108395576477,0.4813663959503174,0.1298523098230362,1000.0,449.00018310546875,1.0,8.0,True,True,/home/zhaowenhao/isaaclab_nhb/isaaclab_nhb/logs/rsl_rl/coopG1S1/2026-06-10_17-12-27_s1_from7999_hand8_torso_pelvis_rp_stronger_16k_5k/model_12998.pt,12998,model_7999.pt,2026-06-10_07-38-46_s1_fromS0_3000_gait_pelvis_feetorient_holdbox_16k_5k,5000,16384,0.3,True,False,5,gait_commands|base_ang_vel|projected_gravity|velocity_commands|joint_pos|joint_vel|actions,True,2026-06-10_17-12-27_s1_from7999_hand8_torso_pelvis_rp_stronger_16k_5k,/home/zhaowenhao/isaaclab_nhb/isaaclab_nhb/logs/rsl_rl/coopG1S1/2026-06-10_17-12-27_s1_from7999_hand8_torso_pelvis_rp_stronger_16k_5k,42,0.3,,,0.35,5.0,0.3,0.35
ActorCritic,"[512, 256, 128]",236369,-0.15,460100752,44,"[0.0, 0.0]","[0.25, 0.4]","[0.0, 0.0]","[512, 256, 128]",1,coopG1S1,1.0,0.9406769275665283,3.9721250534057617,4.974574089050293,,9.999999747378752e-06,0.04494275897741318,0.20563368499279022,0.05075811967253685,1000.0,397.48681640625,1.0,4.0,True,True,/home/zhaowenhao/isaaclab_nhb/isaaclab_nhb/logs/rsl_rl/coopG1S1/2026-06-11_18-54-53_s1_from7999_hand4_torso_pelvis_rp_stronger_16k_5k/model_51000.pt,51000,model_7999.pt,2026-06-10_07-38-46_s1_fromS0_3000_gait_pelvis_feetorient_holdbox_16k_5k,50000,16384,0.3,True,False,5,gait_commands|base_ang_vel|projected_gravity|velocity_commands|joint_pos|joint_vel|actions,True,2026-06-11_18-54-53_s1_from7999_hand4_torso_pelvis_rp_stronger_16k_5k,/home/zhaowenhao/isaaclab_nhb/isaaclab_nhb/logs/rsl_rl/coopG1S1/2026-06-11_18-54-53_s1_from7999_hand4_torso_pelvis_rp_stronger_16k_5k,42,0.3,,,0.35,5.0,0.3,0.35
ActorCritic,"[512, 256, 128]",146783,-0.15,303248331,29,"[0.0, 0.0]","[0.25, 0.4]","[0.0, 0.0]","[512, 256, 128]",1,coopG1S1,1.0,0.9386014938354492,3.9645822048187256,4.964738845825195,,9.999999747378752e-06,0.05248333141207695,0.21603497862815857,0.05631440132856369,1000.0,408.5545654296875,1.0,4.0,True,True,/home/zhaowenhao/isaaclab_nhb/isaaclab_nhb/logs/rsl_rl/coopG1S1/2026-06-12_19-53-42_holdbox/model_41000.pt,41000,model_12998.pt,2026-06-10_17-12-27_s1_from7999_hand8_torso_pelvis_rp_stronger_16k_5k,50000,16384,0.4,True,False,5,gait_commands|base_ang_vel|projected_gravity|velocity_commands|joint_pos|joint_vel|actions,True,2026-06-12_19-53-42_holdbox,/home/zhaowenhao/isaaclab_nhb/isaaclab_nhb/logs/rsl_rl/coopG1S1/2026-06-12_19-53-42_holdbox,42,0.4,,,0.35,5.0,0.4,0.45
ActorCritic,"[512, 256, 128]",31870,-0.15,73197873,7,"[0.0, 0.0]","[0.25, 0.4]","[0.0, 0.0]","[512, 256, 128]",1,coopG1S1,1.0,0.9107019305229187,3.936055898666382,4.938289642333984,,9.999999747378752e-06,0.06619637459516525,0.2939741909503937,0.08014281839132309,1000.0,439.56988525390625,1.0,4.0,True,True,/home/zhaowenhao/isaaclab_nhb/isaaclab_nhb/logs/rsl_rl/coopG1S1/2026-06-14_12-54-00_s1_from12998_hand8_rp_plus04_16k_50k/model_19000.pt,19000,model_12998.pt,2026-06-10_17-12-27_s1_from7999_hand8_torso_pelvis_rp_stronger_16k_5k,50000,16384,0.8,True,False,5,gait_commands|base_ang_vel|projected_gravity|velocity_commands|joint_pos|joint_vel|actions,True,2026-06-14_12-54-00_s1_from12998_hand8_rp_plus04_16k_50k,/home/zhaowenhao/isaaclab_nhb/isaaclab_nhb/logs/rsl_rl/coopG1S1/2026-06-14_12-54-00_s1_from12998_hand8_rp_plus04_16k_50k,42,0.8,,,0.35,5.0,0.8,0.85
ActorCritic,"[512, 256, 128]",31895,-0.15,73197709,7,"[0.0, 0.0]","[0.25, 0.4]","[0.0, 0.0]","[512, 256, 128]",1,coopG1S1,1.0,0.9111361503601074,3.923802137374878,4.92457389831543,,9.999999747378752e-06,0.0784248411655426,0.3146784007549286,0.0722716674208641,1000.0,439.16583251953125,1.0,4.0,True,True,/home/zhaowenhao/isaaclab_nhb/isaaclab_nhb/logs/rsl_rl/coopG1S1/2026-06-14_12-54-15_s1_from7999_hand4_rp_plus04_16k_50k/model_14000.pt,14000,model_7999.pt,2026-06-10_07-38-46_s1_fromS0_3000_gait_pelvis_feetorient_holdbox_16k_5k,50000,16384,0.8,True,False,5,gait_commands|base_ang_vel|projected_gravity|velocity_commands|joint_pos|joint_vel|actions,True,2026-06-14_12-54-15_s1_from7999_hand4_rp_plus04_16k_50k,/home/zhaowenhao/isaaclab_nhb/isaaclab_nhb/logs/rsl_rl/coopG1S1/2026-06-14_12-54-15_s1_from7999_hand4_rp_plus04_16k_50k,42,0.8,,,0.35,5.0,0.8,0.85
ActorCritic,"[512, 256, 128]",248429,-0.15,533298789,51,"[0.0, 0.0]","[0.25, 0.4]","[0.0, 0.0]","[512, 256, 128]",1,coopG1S1,1.0,0.9382430911064148,3.9668357372283936,4.931070327758789,,9.999999747378752e-06,0.073099285364151,0.24190984666347504,0.06259149312973022,998.77001953125,454.07611083984375,1.0,4.0,True,True,/home/zhaowenhao/isaaclab_nhb/isaaclab_nhb/logs/rsl_rl/coopG1S1/2026-06-14_21-51-53_s1_from2026-06-10_17-12-2712998/model_62997.pt,62997,model_12998.pt,2026-06-10_17-12-27_s1_from7999_hand8_torso_pelvis_rp_stronger_16k_5k,50000,16384,0.8,True,False,5,gait_commands|base_ang_vel|projected_gravity|velocity_commands|joint_pos|joint_vel|actions,True,2026-06-14_21-51-53_s1_from2026-06-10_17-12-2712998,/home/zhaowenhao/isaaclab_nhb/isaaclab_nhb/logs/rsl_rl/coopG1S1/2026-06-14_21-51-53_s1_from2026-06-10_17-12-2712998,42,0.8,,,0.35,5.0,0.8,0.85
ActorCritic,"[512, 256, 128]",281101,-0.15,533298625,51,"[0.0, 0.0]","[0.25, 0.4]","[0.0, 0.0]","[512, 256, 128]",1,coopG1S1,1.0,0.9381645917892456,3.971144199371338,4.939183712005615,,9.999999747378752e-06,0.06854823231697083,0.19608990848064423,0.04668758064508438,1000.0,456.2526550292969,1.0,4.0,True,True,/home/zhaowenhao/isaaclab_nhb/isaaclab_nhb/logs/rsl_rl/coopG1S1/2026-06-14_21-52-04_s1_from2026-06-10_07-38-467999/model_57998.pt,57998,model_7999.pt,2026-06-10_07-38-46_s1_fromS0_3000_gait_pelvis_feetorient_holdbox_16k_5k,50000,16384,0.8,True,False,5,gait_commands|base_ang_vel|projected_gravity|velocity_commands|joint_pos|joint_vel|actions,True,2026-06-14_21-52-04_s1_from2026-06-10_07-38-467999,/home/zhaowenhao/isaaclab_nhb/isaaclab_nhb/logs/rsl_rl/coopG1S1/2026-06-14_21-52-04_s1_from2026-06-10_07-38-467999,42,0.8,,,0.35,5.0,0.8,0.85
ActorCritic,"[512, 256, 128]",4049,-0.15,31646633,3,"[0.0, 0.0]","[0.25, 0.4]","[0.0, 0.0]","[512, 256, 128]",1,coopG1S1,1.0,0.8590116500854492,3.9438695907592773,4.900057792663574,,1.4999999621068127e-05,0.08216635882854462,0.4690813720226288,0.13681527972221375,1000.0,444.7730712890625,1.0,4.0,True,True,/home/zhaowenhao/isaaclab_nhb/isaaclab_nhb/logs/rsl_rl/coopG1S1/2026-06-20_22-30-57_s1_base_velocity_scratch/model_1999.pt,1999,model_.*.pt,.*,2000,4096,0.8,True,True,5,gait_commands|base_ang_vel|projected_gravity|velocity_commands|joint_pos|joint_vel|actions|base_lin_vel,False,2026-06-20_22-30-57_s1_base_velocity_scratch,/home/zhaowenhao/isaaclab_nhb/isaaclab_nhb/logs/rsl_rl/coopG1S1/2026-06-20_22-30-57_s1_base_velocity_scratch,42,0.8,,,0.35,5.0,0.8,0.85
ActorCritic,"[512, 256, 128]",49162,-0.15,116039505,11,"[0.0, 0.0]","[0.25, 0.4]","[0.0, 0.0]","[512, 256, 128]",1,coopG1S1,1.0,0.9312235713005066,3.9669737815856934,4.924269676208496,,9.999999747378752e-06,0.07283743470907211,0.29310449957847595,0.06658049672842026,1000.0,453.804931640625,1.0,4.0,True,True,/home/zhaowenhao/isaaclab_nhb/isaaclab_nhb/logs/rsl_rl/coopG1S1/2026-06-21_02-23-53_s1_base_velocity_scratch_16k_10k/model_9999.pt,9999,model_.*.pt,.*,10000,16384,0.8,True,True,5,gait_commands|base_ang_vel|projected_gravity|velocity_commands|joint_pos|joint_vel|actions|base_lin_vel,False,2026-06-21_02-23-53_s1_base_velocity_scratch_16k_10k,/home/zhaowenhao/isaaclab_nhb/isaaclab_nhb/logs/rsl_rl/coopG1S1/2026-06-21_02-23-53_s1_base_velocity_scratch_16k_10k,42,0.8,,,0.35,5.0,0.8,0.85
ActorCritic,"[512, 256, 128]",10177,-0.15,10549383,1,"[0.0, 0.0]","[0.25, 0.4]","[0.0, 0.0]","[512, 256, 128]",1,coopG1S1,1.0,0.9057394862174988,3.8550374507904053,4.919584274291992,2.5682005882263184,1.4999999621068127e-05,0.07528732717037201,0.4531019628047943,0.10173290222883224,1000.0,466.6463317871094,1.0,4.0,True,True,/home/zhaowenhao/isaaclab_nhb/isaaclab_nhb/logs/rsl_rl/coopG1S1/2026-06-22_11-26-35_s1_base_velocity_precise/model_10000.pt,10000,model_9999.pt,2026-06-21_02-23-53_s1_base_velocity_scratch_16k_10k,3000,16384,0.8,True,True,5,gait_commands|base_ang_vel|projected_gravity|velocity_commands|joint_pos|joint_vel|actions|base_lin_vel,True,2026-06-22_11-26-35_s1_base_velocity_precise,/home/zhaowenhao/isaaclab_nhb/isaaclab_nhb/logs/rsl_rl/coopG1S1/2026-06-22_11-26-35_s1_base_velocity_precise,42,0.8,0.1,3.0,0.35,5.0,0.8,0.85
,null,,,10025991,1,null,null,null,null,0,coopG1S1,,,,,,,,,,,,,,False,False,/home/zhaowenhao/isaaclab_nhb/isaaclab_nhb/logs/rsl_rl/coopG1S1/fromS0_2026-05-15_model_42600/model_42600.pt,42600,,,,,,False,False,,,,fromS0_2026-05-15_model_42600,/home/zhaowenhao/isaaclab_nhb/isaaclab_nhb/logs/rsl_rl/coopG1S1/fromS0_2026-05-15_model_42600,,,,,,,,
ActorCritic,"[512, 256, 128]",52056,-0.05,481247568,48,"[0.0, 0.0]","[0.0, 0.4]","[0.0, 0.0]","[512, 256, 128]",1,coopG1S2,,,0.028498588129878044,0.8198947310447693,,0.00011390625149942935,0.1104269027709961,0.8329026103019714,0.6598723530769348,423.0899963378906,29.12371826171875,,0.15,True,True,/home/zhaowenhao/isaaclab_nhb/isaaclab_nhb/logs/rsl_rl/coopG1S2/2026-05-23_14-47-28_s2_fixedpayload_fromS0_50k_gui/model_52000.pt,52000,model_42600.pt,s0_init_42600,50000,4096,,True,False,5,base_ang_vel|projected_gravity|velocity_commands|joint_pos|joint_vel|actions,True,2026-05-23_14-47-28_s2_fixedpayload_fromS0_50k_gui,/home/zhaowenhao/isaaclab_nhb/isaaclab_nhb/logs/rsl_rl/coopG1S2/2026-05-23_14-47-28_s2_fixedpayload_fromS0_50k_gui,42,0.2,,,0.5,2.0,,0.25
ActorCritic,"[512, 256, 128]",2,-0.05,10025023,1,"[0.0, 0.0]","[0.0, 0.4]","[0.0, 0.0]","[512, 256, 128]",1,coopG1S2,,,2.745624101407884e-07,0.009374212473630905,,9.999999747378752e-06,0.0030807368457317352,0.026187364012002945,0.9997602701187134,15.0,-0.027124475687742233,,0.15,True,True,/home/zhaowenhao/isaaclab_nhb/isaaclab_nhb/logs/rsl_rl/coopG1S2/2026-05-30_17-25-08_fixed_payload/model_0.pt,0,model_.*.pt,.*,1,1,,True,False,5,base_ang_vel|projected_gravity|velocity_commands|joint_pos|joint_vel|actions,False,2026-05-30_17-25-08_fixed_payload,/home/zhaowenhao/isaaclab_nhb/isaaclab_nhb/logs/rsl_rl/coopG1S2/2026-05-30_17-25-08_fixed_payload,42,0.2,,,0.5,2.0,,0.25
