category,relative_path,size_bytes,source
README.md,README.md,2416,generated
configs,configs/coopG1S0/2026-05-15_21-59-12_coopG1S0_hist5_steadyreward_50k_gui/agent.yaml,1145,generated
configs,configs/coopG1S0/2026-05-15_21-59-12_coopG1S0_hist5_steadyreward_50k_gui/env.yaml,35026,generated
configs,configs/coopG1S0/2026-06-06_13-45-36_s0_clean_arm_waist_yaw_from42600_16k_5k/agent.yaml,1089,generated
configs,configs/coopG1S0/2026-06-06_13-45-36_s0_clean_arm_waist_yaw_from42600_16k_5k/env.yaml,37779,generated
configs,configs/coopG1S0/2026-06-09_11-36-13_s0_gait_bodyyaw_16k_5k/agent.yaml,1018,generated
configs,configs/coopG1S0/2026-06-09_11-36-13_s0_gait_bodyyaw_16k_5k/env.yaml,43315,generated
configs,configs/coopG1S0/2026-06-09_20-22-44_s0_gait_pelvis_feetorient_16k_5k/agent.yaml,1028,generated
configs,configs/coopG1S0/2026-06-09_20-22-44_s0_gait_pelvis_feetorient_16k_5k/env.yaml,46247,generated
configs,configs/coopG1S1/2026-05-28_19-29-28_s1_height2_carrypose_fromS0_50k_headless/agent.yaml,1163,generated
configs,configs/coopG1S1/2026-05-28_19-29-28_s1_height2_carrypose_fromS0_50k_headless/env.yaml,39664,generated
configs,configs/coopG1S1/2026-05-30_17-24-12_holdbox/agent.yaml,999,generated
configs,configs/coopG1S1/2026-05-30_17-24-12_holdbox/env.yaml,39459,generated
configs,configs/coopG1S1/2026-06-01_20-06-52_s1_scratch_support_pose_boxup_16k_50k_save1k/agent.yaml,1041,generated
configs,configs/coopG1S1/2026-06-01_20-06-52_s1_scratch_support_pose_boxup_16k_50k_save1k/env.yaml,39503,generated
configs,configs/coopG1S1/2026-06-01_20-07-28_s1_fromS0_42600_support_pose_boxup_16k_5k_save1k/agent.yaml,1073,generated
configs,configs/coopG1S1/2026-06-01_20-07-28_s1_fromS0_42600_support_pose_boxup_16k_5k_save1k/env.yaml,39507,generated
configs,configs/coopG1S1/2026-06-02_13-45-44_s1_fromMay28_92599_support_pose_boxup_16k_5k_save1k/agent.yaml,1107,generated
configs,configs/coopG1S1/2026-06-02_13-45-44_s1_fromMay28_92599_support_pose_boxup_16k_5k_save1k/env.yaml,39510,generated
configs,configs/coopG1S1/2026-06-03_08-19-24_s1_fromMay30_92599_vel10_hand8_cfg_16k_5k/agent.yaml,1072,generated
configs,configs/coopG1S1/2026-06-03_08-19-24_s1_fromMay30_92599_vel10_hand8_cfg_16k_5k/env.yaml,39500,generated
configs,configs/coopG1S1/2026-06-03_08-20-14_s1_fromJun02_97598_vel10_hand8_cfg_16k_5k/agent.yaml,1108,generated
configs,configs/coopG1S1/2026-06-03_08-20-14_s1_fromJun02_97598_vel10_hand8_cfg_16k_5k/env.yaml,39500,generated
configs,configs/coopG1S1/2026-06-04_10-10-45_s1_fromMay30_96000_feet_contact_orient_torso_16k_5k/agent.yaml,1108,generated
configs,configs/coopG1S1/2026-06-04_10-10-45_s1_fromMay30_96000_feet_contact_orient_torso_16k_5k/env.yaml,46039,generated
configs,configs/coopG1S1/2026-06-04_10-11-08_s1_fromJun02_101000_feet_contact_orient_torso_16k_5k/agent.yaml,1110,generated
configs,configs/coopG1S1/2026-06-04_10-11-08_s1_fromJun02_101000_feet_contact_orient_torso_16k_5k/env.yaml,46040,generated
configs,configs/coopG1S1/2026-06-06_13-45-42_s1_repair_from43000_hand4_yaw3_16k_5k/agent.yaml,1101,generated
configs,configs/coopG1S1/2026-06-06_13-45-42_s1_repair_from43000_hand4_yaw3_16k_5k/env.yaml,45432,generated
configs,configs/coopG1S1/2026-06-06_19-19-37_s1_repair_from43000_hand4_yaw3_slide_clearance_16k_5k/agent.yaml,1117,generated
configs,configs/coopG1S1/2026-06-06_19-19-37_s1_repair_from43000_hand4_yaw3_slide_clearance_16k_5k/env.yaml,46032,generated
configs,configs/coopG1S1/2026-06-07_12-11-26_s1_from43000_vel1_ang15_height1_hand2_16k_5k/agent.yaml,1108,generated
configs,configs/coopG1S1/2026-06-07_12-11-26_s1_from43000_vel1_ang15_height1_hand2_16k_5k/env.yaml,46041,generated
configs,configs/coopG1S1/2026-06-07_23-42-38_s1_scratch_hand_pose_feet_default_16k_50k/agent.yaml,1038,generated
configs,configs/coopG1S1/2026-06-07_23-42-38_s1_scratch_hand_pose_feet_default_16k_50k/env.yaml,46038,generated
configs,configs/coopG1S1/2026-06-08_10-54-15_s1_resume3000_forward_no_heading_vel3_std035_no_clearance_term06_16k_50k/agent.yaml,1128,generated
configs,configs/coopG1S1/2026-06-08_10-54-15_s1_resume3000_forward_no_heading_vel3_std035_no_clearance_term06_16k_50k/env.yaml,45231,generated
configs,configs/coopG1S1/2026-06-08_15-10-20_s1_scratch_forward_footdist_airtime_16k_50k/agent.yaml,1040,generated
configs,configs/coopG1S1/2026-06-08_15-10-20_s1_scratch_forward_footdist_airtime_16k_50k/env.yaml,46867,generated
configs,configs/coopG1S1/2026-06-08_15-11-10_s1_resume3000_forward_footdist_airtime_16k_50k/agent.yaml,1102,generated
configs,configs/coopG1S1/2026-06-08_15-11-10_s1_resume3000_forward_footdist_airtime_16k_50k/env.yaml,46870,generated
configs,configs/coopG1S1/2026-06-09_11-43-07_s1_scratch_gait_bodyyaw_holdbox_16k_50k/agent.yaml,1036,generated
configs,configs/coopG1S1/2026-06-09_11-43-07_s1_scratch_gait_bodyyaw_holdbox_16k_50k/env.yaml,52373,generated
configs,configs/coopG1S1/2026-06-09_20-22-31_s1_scratch_gait_pelvis_feetorient_holdbox_16k_50k/agent.yaml,1046,generated
configs,configs/coopG1S1/2026-06-09_20-22-31_s1_scratch_gait_pelvis_feetorient_holdbox_16k_50k/env.yaml,53883,generated
configs,configs/coopG1S1/2026-06-09_20-22-44_s0_gait_pelvis_feetorient_16k_5k/agent.yaml,1028,generated
configs,configs/coopG1S1/2026-06-09_20-22-44_s0_gait_pelvis_feetorient_16k_5k/env.yaml,46247,generated
configs,configs/coopG1S1/2026-06-10_07-38-46_s1_fromS0_3000_gait_pelvis_feetorient_holdbox_16k_5k/agent.yaml,1099,generated
configs,configs/coopG1S1/2026-06-10_07-38-46_s1_fromS0_3000_gait_pelvis_feetorient_holdbox_16k_5k/env.yaml,53886,generated
configs,configs/coopG1S1/2026-06-10_16-57-26_s1_from7999_hand4_gait_pelvis_feetorient_holdbox_16k_5k/agent.yaml,1122,generated
configs,configs/coopG1S1/2026-06-10_16-57-26_s1_from7999_hand4_gait_pelvis_feetorient_holdbox_16k_5k/env.yaml,53889,generated
configs,configs/coopG1S1/2026-06-10_17-12-27_s1_from7999_hand8_torso_pelvis_rp_stronger_16k_5k/agent.yaml,1116,generated
configs,configs/coopG1S1/2026-06-10_17-12-27_s1_from7999_hand8_torso_pelvis_rp_stronger_16k_5k/env.yaml,53883,generated
configs,configs/coopG1S1/2026-06-11_18-54-53_s1_from7999_hand4_torso_pelvis_rp_stronger_16k_5k/agent.yaml,1117,generated
configs,configs/coopG1S1/2026-06-11_18-54-53_s1_from7999_hand4_torso_pelvis_rp_stronger_16k_5k/env.yaml,53884,generated
configs,configs/coopG1S1/2026-06-12_19-53-42_holdbox/agent.yaml,1073,generated
configs,configs/coopG1S1/2026-06-12_19-53-42_holdbox/env.yaml,53842,generated
configs,configs/coopG1S1/2026-06-14_12-54-00_s1_from12998_hand8_rp_plus04_16k_50k/agent.yaml,1102,generated
configs,configs/coopG1S1/2026-06-14_12-54-00_s1_from12998_hand8_rp_plus04_16k_50k/env.yaml,53871,generated
configs,configs/coopG1S1/2026-06-14_12-54-15_s1_from7999_hand4_rp_plus04_16k_50k/agent.yaml,1103,generated
configs,configs/coopG1S1/2026-06-14_12-54-15_s1_from7999_hand4_rp_plus04_16k_50k/env.yaml,53870,generated
configs,configs/coopG1S1/2026-06-14_21-51-53_s1_from2026-06-10_17-12-2712998/agent.yaml,1097,generated
configs,configs/coopG1S1/2026-06-14_21-51-53_s1_from2026-06-10_17-12-2712998/env.yaml,53871,generated
configs,configs/coopG1S1/2026-06-14_21-52-04_s1_from2026-06-10_07-38-467999/agent.yaml,1098,generated
configs,configs/coopG1S1/2026-06-14_21-52-04_s1_from2026-06-10_07-38-467999/env.yaml,53870,generated
configs,configs/coopG1S1/2026-06-20_22-30-57_s1_base_velocity_scratch/agent.yaml,1020,generated
configs,configs/coopG1S1/2026-06-20_22-30-57_s1_base_velocity_scratch/env.yaml,54205,generated
configs,configs/coopG1S1/2026-06-21_02-23-53_s1_base_velocity_scratch_16k_10k/agent.yaml,1029,generated
configs,configs/coopG1S1/2026-06-21_02-23-53_s1_base_velocity_scratch_16k_10k/env.yaml,54214,generated
configs,configs/coopG1S1/2026-06-22_11-26-35_s1_base_velocity_precise/agent.yaml,1071,generated
configs,configs/coopG1S1/2026-06-22_11-26-35_s1_base_velocity_precise/env.yaml,54410,generated
configs,configs/coopG1S2/2026-05-23_14-47-28_s2_fixedpayload_fromS0_50k_gui/agent.yaml,1153,generated
configs,configs/coopG1S2/2026-05-23_14-47-28_s2_fixedpayload_fromS0_50k_gui/env.yaml,46744,generated
configs,configs/coopG1S2/2026-05-30_17-25-08_fixed_payload/agent.yaml,1005,generated
configs,configs/coopG1S2/2026-05-30_17-25-08_fixed_payload/env.yaml,46556,generated
docs,docs/00_material_inventory.md,2332,generated
docs,docs/01_report_outline.md,2781,generated
docs,docs/02_s1_tuning_timeline.md,24397,generated
docs,docs/03_method_and_code_changes.md,3010,generated
docs,docs/04_experiment_findings.md,2547,generated
docs,docs/05_s2_residual_design.md,2373,generated
docs,docs/06_figure_index.md,3321,generated
docs,docs/07_reproduction_commands.md,2273,generated
docs,docs/08_data_dictionary.md,2307,generated
docs,docs/09_report_draft.md,4582,generated
docs,docs/10_missing_evidence_checklist.md,1037,generated
generated_architecture,figures/architecture/s1_s2_residual_policy_architecture.png,1469974,/home/zhaowenhao/.codex/generated_images/019eca21-3d99-7e72-aa0f-071d59b70860/exec-528b91d2-4359-4a8d-8c13-7117926a9b95.png
source_image,figures/source_images/1.png,186248,/home/zhaowenhao/图片/1.png
source_image,figures/source_images/10.png,108281,/home/zhaowenhao/图片/10.png
source_image,figures/source_images/11.png,71504,/home/zhaowenhao/图片/11.png
source_image,figures/source_images/12.png,49308,/home/zhaowenhao/图片/12.png
source_image,figures/source_images/13.png,119995,/home/zhaowenhao/图片/13.png
source_image,figures/source_images/2.png,182656,/home/zhaowenhao/图片/2.png
source_image,figures/source_images/3.png,186889,/home/zhaowenhao/图片/3.png
source_image,figures/source_images/4.png,49433,/home/zhaowenhao/图片/4.png
source_image,figures/source_images/5.png,37751,/home/zhaowenhao/图片/5.png
source_image,figures/source_images/6.png,2454522,/home/zhaowenhao/图片/6.png
source_image,figures/source_images/7.png,112594,/home/zhaowenhao/图片/7.png
source_image,figures/source_images/Snipaste_2026-06-07_10-03-41.png,120915,/home/zhaowenhao/图片/Snipaste_2026-06-07_10-03-41.png
source_image,figures/source_images/Snipaste_2026-06-07_10-05-45.png,94114,/home/zhaowenhao/图片/Snipaste_2026-06-07_10-05-45.png
source_image,figures/source_images/Snipaste_2026-06-07_10-30-34.png,124241,/home/zhaowenhao/图片/Snipaste_2026-06-07_10-30-34.png
source_image,figures/source_images/Snipaste_2026-06-07_15-44-37.png,68586,/home/zhaowenhao/图片/Snipaste_2026-06-07_15-44-37.png
source_image,figures/source_images/Snipaste_2026-06-08_10-25-54.png,60667,/home/zhaowenhao/图片/Snipaste_2026-06-08_10-25-54.png
source_image,figures/source_images/Snipaste_2026-06-08_14-54-44.png,59480,/home/zhaowenhao/图片/Snipaste_2026-06-08_14-54-44.png
source_image,figures/source_images/Snipaste_2026-06-09_20-03-45.png,77003,/home/zhaowenhao/图片/Snipaste_2026-06-09_20-03-45.png
source_image,figures/source_images/Snipaste_2026-06-11_10-05-58.png,39277,/home/zhaowenhao/图片/Snipaste_2026-06-11_10-05-58.png
source_image,figures/source_images/fig01.jpg,459641,/home/zhaowenhao/图片/fig01.jpg
source_image,figures/source_images/figure1.png,98893,/home/zhaowenhao/图片/figure1.png
source_image,figures/source_images/figure2.png,102302,/home/zhaowenhao/图片/figure2.png
source_image,figures/source_images/img-001.jpg,439420,/home/zhaowenhao/图片/img-001.jpg
source_image,figures/source_images/img-002.jpg,293036,/home/zhaowenhao/图片/img-002.jpg
figures,figures/source_images_contact_sheet.png,1010283,generated
figures,figures/training/latest_s1_dashboard.png,251729,generated
figures,figures/training/s1_final_velocity_error_all_runs.png,583995,generated
figures,figures/training/s1_reward_contributions_iter9999.png,138013,generated
figures,figures/training/s1_selected_training_curves.png,393966,generated
hydra_output,hydra_outputs/2026-05-30/17-38-16/config.yaml,38811,/home/zhaowenhao/isaaclab_nhb/isaaclab_nhb/outputs/2026-05-30/17-38-16/.hydra/config.yaml
hydra_output,hydra_outputs/2026-05-30/17-38-16/overrides.yaml,3,/home/zhaowenhao/isaaclab_nhb/isaaclab_nhb/outputs/2026-05-30/17-38-16/.hydra/overrides.yaml
hydra_output,hydra_outputs/2026-05-30/17-41-21/config.yaml,38811,/home/zhaowenhao/isaaclab_nhb/isaaclab_nhb/outputs/2026-05-30/17-41-21/.hydra/config.yaml
hydra_output,hydra_outputs/2026-05-30/17-41-21/overrides.yaml,3,/home/zhaowenhao/isaaclab_nhb/isaaclab_nhb/outputs/2026-05-30/17-41-21/.hydra/overrides.yaml
hydra_output,hydra_outputs/2026-06-01/10-12-51/config.yaml,38811,/home/zhaowenhao/isaaclab_nhb/isaaclab_nhb/outputs/2026-06-01/10-12-51/.hydra/config.yaml
hydra_output,hydra_outputs/2026-06-01/10-12-51/overrides.yaml,3,/home/zhaowenhao/isaaclab_nhb/isaaclab_nhb/outputs/2026-06-01/10-12-51/.hydra/overrides.yaml
hydra_output,hydra_outputs/2026-06-01/10-16-38/config.yaml,38811,/home/zhaowenhao/isaaclab_nhb/isaaclab_nhb/outputs/2026-06-01/10-16-38/.hydra/config.yaml
hydra_output,hydra_outputs/2026-06-01/10-16-38/overrides.yaml,3,/home/zhaowenhao/isaaclab_nhb/isaaclab_nhb/outputs/2026-06-01/10-16-38/.hydra/overrides.yaml
hydra_output,hydra_outputs/2026-06-01/10-21-02/config.yaml,38811,/home/zhaowenhao/isaaclab_nhb/isaaclab_nhb/outputs/2026-06-01/10-21-02/.hydra/config.yaml
hydra_output,hydra_outputs/2026-06-01/10-21-02/overrides.yaml,3,/home/zhaowenhao/isaaclab_nhb/isaaclab_nhb/outputs/2026-06-01/10-21-02/.hydra/overrides.yaml
hydra_output,hydra_outputs/2026-06-01/10-25-28/config.yaml,38811,/home/zhaowenhao/isaaclab_nhb/isaaclab_nhb/outputs/2026-06-01/10-25-28/.hydra/config.yaml
hydra_output,hydra_outputs/2026-06-01/10-25-28/overrides.yaml,3,/home/zhaowenhao/isaaclab_nhb/isaaclab_nhb/outputs/2026-06-01/10-25-28/.hydra/overrides.yaml
hydra_output,hydra_outputs/2026-06-01/10-35-02/config.yaml,38811,/home/zhaowenhao/isaaclab_nhb/isaaclab_nhb/outputs/2026-06-01/10-35-02/.hydra/config.yaml
hydra_output,hydra_outputs/2026-06-01/10-35-02/overrides.yaml,3,/home/zhaowenhao/isaaclab_nhb/isaaclab_nhb/outputs/2026-06-01/10-35-02/.hydra/overrides.yaml
hydra_output,hydra_outputs/2026-06-01/10-50-58/config.yaml,38811,/home/zhaowenhao/isaaclab_nhb/isaaclab_nhb/outputs/2026-06-01/10-50-58/.hydra/config.yaml
hydra_output,hydra_outputs/2026-06-01/10-50-58/overrides.yaml,3,/home/zhaowenhao/isaaclab_nhb/isaaclab_nhb/outputs/2026-06-01/10-50-58/.hydra/overrides.yaml
hydra_output,hydra_outputs/2026-06-01/13-10-47/config.yaml,38811,/home/zhaowenhao/isaaclab_nhb/isaaclab_nhb/outputs/2026-06-01/13-10-47/.hydra/config.yaml
hydra_output,hydra_outputs/2026-06-01/13-10-47/overrides.yaml,3,/home/zhaowenhao/isaaclab_nhb/isaaclab_nhb/outputs/2026-06-01/13-10-47/.hydra/overrides.yaml
hydra_output,hydra_outputs/2026-06-01/13-11-32/config.yaml,38811,/home/zhaowenhao/isaaclab_nhb/isaaclab_nhb/outputs/2026-06-01/13-11-32/.hydra/config.yaml
hydra_output,hydra_outputs/2026-06-01/13-11-32/overrides.yaml,3,/home/zhaowenhao/isaaclab_nhb/isaaclab_nhb/outputs/2026-06-01/13-11-32/.hydra/overrides.yaml
hydra_output,hydra_outputs/2026-06-01/13-22-18/config.yaml,38811,/home/zhaowenhao/isaaclab_nhb/isaaclab_nhb/outputs/2026-06-01/13-22-18/.hydra/config.yaml
hydra_output,hydra_outputs/2026-06-01/13-22-18/overrides.yaml,3,/home/zhaowenhao/isaaclab_nhb/isaaclab_nhb/outputs/2026-06-01/13-22-18/.hydra/overrides.yaml
hydra_output,hydra_outputs/2026-06-01/13-22-53/config.yaml,38811,/home/zhaowenhao/isaaclab_nhb/isaaclab_nhb/outputs/2026-06-01/13-22-53/.hydra/config.yaml
hydra_output,hydra_outputs/2026-06-01/13-22-53/overrides.yaml,3,/home/zhaowenhao/isaaclab_nhb/isaaclab_nhb/outputs/2026-06-01/13-22-53/.hydra/overrides.yaml
hydra_output,hydra_outputs/2026-06-01/15-09-28/config.yaml,38811,/home/zhaowenhao/isaaclab_nhb/isaaclab_nhb/outputs/2026-06-01/15-09-28/.hydra/config.yaml
hydra_output,hydra_outputs/2026-06-01/15-09-28/overrides.yaml,3,/home/zhaowenhao/isaaclab_nhb/isaaclab_nhb/outputs/2026-06-01/15-09-28/.hydra/overrides.yaml
hydra_output,hydra_outputs/2026-06-01/15-10-42/config.yaml,38811,/home/zhaowenhao/isaaclab_nhb/isaaclab_nhb/outputs/2026-06-01/15-10-42/.hydra/config.yaml
hydra_output,hydra_outputs/2026-06-01/15-10-42/overrides.yaml,3,/home/zhaowenhao/isaaclab_nhb/isaaclab_nhb/outputs/2026-06-01/15-10-42/.hydra/overrides.yaml
hydra_output,hydra_outputs/2026-06-01/18-16-03/config.yaml,38811,/home/zhaowenhao/isaaclab_nhb/isaaclab_nhb/outputs/2026-06-01/18-16-03/.hydra/config.yaml
hydra_output,hydra_outputs/2026-06-01/18-16-03/overrides.yaml,3,/home/zhaowenhao/isaaclab_nhb/isaaclab_nhb/outputs/2026-06-01/18-16-03/.hydra/overrides.yaml
hydra_output,hydra_outputs/2026-06-01/18-17-36/config.yaml,38811,/home/zhaowenhao/isaaclab_nhb/isaaclab_nhb/outputs/2026-06-01/18-17-36/.hydra/config.yaml
hydra_output,hydra_outputs/2026-06-01/18-17-36/overrides.yaml,3,/home/zhaowenhao/isaaclab_nhb/isaaclab_nhb/outputs/2026-06-01/18-17-36/.hydra/overrides.yaml
hydra_output,hydra_outputs/2026-06-01/18-19-25/config.yaml,38811,/home/zhaowenhao/isaaclab_nhb/isaaclab_nhb/outputs/2026-06-01/18-19-25/.hydra/config.yaml
hydra_output,hydra_outputs/2026-06-01/18-19-25/overrides.yaml,3,/home/zhaowenhao/isaaclab_nhb/isaaclab_nhb/outputs/2026-06-01/18-19-25/.hydra/overrides.yaml
hydra_output,hydra_outputs/2026-06-01/18-21-08/config.yaml,38811,/home/zhaowenhao/isaaclab_nhb/isaaclab_nhb/outputs/2026-06-01/18-21-08/.hydra/config.yaml
hydra_output,hydra_outputs/2026-06-01/18-21-08/overrides.yaml,3,/home/zhaowenhao/isaaclab_nhb/isaaclab_nhb/outputs/2026-06-01/18-21-08/.hydra/overrides.yaml
hydra_output,hydra_outputs/2026-06-01/18-31-14/config.yaml,38811,/home/zhaowenhao/isaaclab_nhb/isaaclab_nhb/outputs/2026-06-01/18-31-14/.hydra/config.yaml
hydra_output,hydra_outputs/2026-06-01/18-31-14/overrides.yaml,3,/home/zhaowenhao/isaaclab_nhb/isaaclab_nhb/outputs/2026-06-01/18-31-14/.hydra/overrides.yaml
hydra_output,hydra_outputs/2026-06-01/18-33-26/config.yaml,38811,/home/zhaowenhao/isaaclab_nhb/isaaclab_nhb/outputs/2026-06-01/18-33-26/.hydra/config.yaml
hydra_output,hydra_outputs/2026-06-01/18-33-26/overrides.yaml,3,/home/zhaowenhao/isaaclab_nhb/isaaclab_nhb/outputs/2026-06-01/18-33-26/.hydra/overrides.yaml
hydra_output,hydra_outputs/2026-06-01/20-02-13/config.yaml,38815,/home/zhaowenhao/isaaclab_nhb/isaaclab_nhb/outputs/2026-06-01/20-02-13/.hydra/config.yaml
hydra_output,hydra_outputs/2026-06-01/20-02-13/overrides.yaml,3,/home/zhaowenhao/isaaclab_nhb/isaaclab_nhb/outputs/2026-06-01/20-02-13/.hydra/overrides.yaml
hydra_output,hydra_outputs/2026-06-01/20-03-39/config.yaml,38815,/home/zhaowenhao/isaaclab_nhb/isaaclab_nhb/outputs/2026-06-01/20-03-39/.hydra/config.yaml
hydra_output,hydra_outputs/2026-06-01/20-03-39/overrides.yaml,3,/home/zhaowenhao/isaaclab_nhb/isaaclab_nhb/outputs/2026-06-01/20-03-39/.hydra/overrides.yaml
hydra_output,hydra_outputs/2026-06-01/20-06-52/config.yaml,38815,/home/zhaowenhao/isaaclab_nhb/isaaclab_nhb/outputs/2026-06-01/20-06-52/.hydra/config.yaml
hydra_output,hydra_outputs/2026-06-01/20-06-52/overrides.yaml,3,/home/zhaowenhao/isaaclab_nhb/isaaclab_nhb/outputs/2026-06-01/20-06-52/.hydra/overrides.yaml
hydra_output,hydra_outputs/2026-06-01/20-07-27/config.yaml,38815,/home/zhaowenhao/isaaclab_nhb/isaaclab_nhb/outputs/2026-06-01/20-07-27/.hydra/config.yaml
hydra_output,hydra_outputs/2026-06-01/20-07-27/overrides.yaml,3,/home/zhaowenhao/isaaclab_nhb/isaaclab_nhb/outputs/2026-06-01/20-07-27/.hydra/overrides.yaml
hydra_output,hydra_outputs/2026-06-02/13-09-10/config.yaml,38815,/home/zhaowenhao/isaaclab_nhb/isaaclab_nhb/outputs/2026-06-02/13-09-10/.hydra/config.yaml
hydra_output,hydra_outputs/2026-06-02/13-09-10/overrides.yaml,3,/home/zhaowenhao/isaaclab_nhb/isaaclab_nhb/outputs/2026-06-02/13-09-10/.hydra/overrides.yaml
hydra_output,hydra_outputs/2026-06-02/13-10-41/config.yaml,38815,/home/zhaowenhao/isaaclab_nhb/isaaclab_nhb/outputs/2026-06-02/13-10-41/.hydra/config.yaml
hydra_output,hydra_outputs/2026-06-02/13-10-41/overrides.yaml,3,/home/zhaowenhao/isaaclab_nhb/isaaclab_nhb/outputs/2026-06-02/13-10-41/.hydra/overrides.yaml
hydra_output,hydra_outputs/2026-06-02/13-12-05/config.yaml,38815,/home/zhaowenhao/isaaclab_nhb/isaaclab_nhb/outputs/2026-06-02/13-12-05/.hydra/config.yaml
hydra_output,hydra_outputs/2026-06-02/13-12-05/overrides.yaml,3,/home/zhaowenhao/isaaclab_nhb/isaaclab_nhb/outputs/2026-06-02/13-12-05/.hydra/overrides.yaml
hydra_output,hydra_outputs/2026-06-02/13-25-44/config.yaml,35197,/home/zhaowenhao/isaaclab_nhb/isaaclab_nhb/outputs/2026-06-02/13-25-44/.hydra/config.yaml
hydra_output,hydra_outputs/2026-06-02/13-25-44/overrides.yaml,3,/home/zhaowenhao/isaaclab_nhb/isaaclab_nhb/outputs/2026-06-02/13-25-44/.hydra/overrides.yaml
hydra_output,hydra_outputs/2026-06-02/13-39-17/config.yaml,38815,/home/zhaowenhao/isaaclab_nhb/isaaclab_nhb/outputs/2026-06-02/13-39-17/.hydra/config.yaml
hydra_output,hydra_outputs/2026-06-02/13-39-17/overrides.yaml,3,/home/zhaowenhao/isaaclab_nhb/isaaclab_nhb/outputs/2026-06-02/13-39-17/.hydra/overrides.yaml
hydra_output,hydra_outputs/2026-06-02/13-42-46/config.yaml,38815,/home/zhaowenhao/isaaclab_nhb/isaaclab_nhb/outputs/2026-06-02/13-42-46/.hydra/config.yaml
hydra_output,hydra_outputs/2026-06-02/13-42-46/overrides.yaml,3,/home/zhaowenhao/isaaclab_nhb/isaaclab_nhb/outputs/2026-06-02/13-42-46/.hydra/overrides.yaml
hydra_output,hydra_outputs/2026-06-02/13-44-20/config.yaml,38815,/home/zhaowenhao/isaaclab_nhb/isaaclab_nhb/outputs/2026-06-02/13-44-20/.hydra/config.yaml
hydra_output,hydra_outputs/2026-06-02/13-44-20/overrides.yaml,3,/home/zhaowenhao/isaaclab_nhb/isaaclab_nhb/outputs/2026-06-02/13-44-20/.hydra/overrides.yaml
hydra_output,hydra_outputs/2026-06-02/13-45-44/config.yaml,38815,/home/zhaowenhao/isaaclab_nhb/isaaclab_nhb/outputs/2026-06-02/13-45-44/.hydra/config.yaml
hydra_output,hydra_outputs/2026-06-02/13-45-44/overrides.yaml,3,/home/zhaowenhao/isaaclab_nhb/isaaclab_nhb/outputs/2026-06-02/13-45-44/.hydra/overrides.yaml
hydra_output,hydra_outputs/2026-06-02/14-02-48/config.yaml,38815,/home/zhaowenhao/isaaclab_nhb/isaaclab_nhb/outputs/2026-06-02/14-02-48/.hydra/config.yaml
hydra_output,hydra_outputs/2026-06-02/14-02-48/overrides.yaml,3,/home/zhaowenhao/isaaclab_nhb/isaaclab_nhb/outputs/2026-06-02/14-02-48/.hydra/overrides.yaml
hydra_output,hydra_outputs/2026-06-02/14-37-00/config.yaml,38815,/home/zhaowenhao/isaaclab_nhb/isaaclab_nhb/outputs/2026-06-02/14-37-00/.hydra/config.yaml
hydra_output,hydra_outputs/2026-06-02/14-37-00/overrides.yaml,3,/home/zhaowenhao/isaaclab_nhb/isaaclab_nhb/outputs/2026-06-02/14-37-00/.hydra/overrides.yaml
hydra_output,hydra_outputs/2026-06-02/14-39-57/config.yaml,38815,/home/zhaowenhao/isaaclab_nhb/isaaclab_nhb/outputs/2026-06-02/14-39-57/.hydra/config.yaml
hydra_output,hydra_outputs/2026-06-02/14-39-57/overrides.yaml,3,/home/zhaowenhao/isaaclab_nhb/isaaclab_nhb/outputs/2026-06-02/14-39-57/.hydra/overrides.yaml
hydra_output,hydra_outputs/2026-06-03/08-05-35/config.yaml,38815,/home/zhaowenhao/isaaclab_nhb/isaaclab_nhb/outputs/2026-06-03/08-05-35/.hydra/config.yaml
hydra_output,hydra_outputs/2026-06-03/08-05-35/overrides.yaml,3,/home/zhaowenhao/isaaclab_nhb/isaaclab_nhb/outputs/2026-06-03/08-05-35/.hydra/overrides.yaml
hydra_output,hydra_outputs/2026-06-03/08-08-11/config.yaml,38815,/home/zhaowenhao/isaaclab_nhb/isaaclab_nhb/outputs/2026-06-03/08-08-11/.hydra/config.yaml
hydra_output,hydra_outputs/2026-06-03/08-08-11/overrides.yaml,3,/home/zhaowenhao/isaaclab_nhb/isaaclab_nhb/outputs/2026-06-03/08-08-11/.hydra/overrides.yaml
hydra_output,hydra_outputs/2026-06-03/08-09-29/config.yaml,38815,/home/zhaowenhao/isaaclab_nhb/isaaclab_nhb/outputs/2026-06-03/08-09-29/.hydra/config.yaml
hydra_output,hydra_outputs/2026-06-03/08-09-29/overrides.yaml,3,/home/zhaowenhao/isaaclab_nhb/isaaclab_nhb/outputs/2026-06-03/08-09-29/.hydra/overrides.yaml
hydra_output,hydra_outputs/2026-06-03/08-19-24/config.yaml,38815,/home/zhaowenhao/isaaclab_nhb/isaaclab_nhb/outputs/2026-06-03/08-19-24/.hydra/config.yaml
hydra_output,hydra_outputs/2026-06-03/08-19-24/overrides.yaml,3,/home/zhaowenhao/isaaclab_nhb/isaaclab_nhb/outputs/2026-06-03/08-19-24/.hydra/overrides.yaml
hydra_output,hydra_outputs/2026-06-03/08-20-14/config.yaml,38815,/home/zhaowenhao/isaaclab_nhb/isaaclab_nhb/outputs/2026-06-03/08-20-14/.hydra/config.yaml
hydra_output,hydra_outputs/2026-06-03/08-20-14/overrides.yaml,3,/home/zhaowenhao/isaaclab_nhb/isaaclab_nhb/outputs/2026-06-03/08-20-14/.hydra/overrides.yaml
hydra_output,hydra_outputs/2026-06-03/08-21-47/config.yaml,38815,/home/zhaowenhao/isaaclab_nhb/isaaclab_nhb/outputs/2026-06-03/08-21-47/.hydra/config.yaml
hydra_output,hydra_outputs/2026-06-03/08-21-47/overrides.yaml,3,/home/zhaowenhao/isaaclab_nhb/isaaclab_nhb/outputs/2026-06-03/08-21-47/.hydra/overrides.yaml
hydra_output,hydra_outputs/2026-06-03/08-44-31/config.yaml,38815,/home/zhaowenhao/isaaclab_nhb/isaaclab_nhb/outputs/2026-06-03/08-44-31/.hydra/config.yaml
hydra_output,hydra_outputs/2026-06-03/08-44-31/overrides.yaml,3,/home/zhaowenhao/isaaclab_nhb/isaaclab_nhb/outputs/2026-06-03/08-44-31/.hydra/overrides.yaml
hydra_output,hydra_outputs/2026-06-03/08-54-21/config.yaml,38815,/home/zhaowenhao/isaaclab_nhb/isaaclab_nhb/outputs/2026-06-03/08-54-21/.hydra/config.yaml
hydra_output,hydra_outputs/2026-06-03/08-54-21/overrides.yaml,3,/home/zhaowenhao/isaaclab_nhb/isaaclab_nhb/outputs/2026-06-03/08-54-21/.hydra/overrides.yaml
hydra_output,hydra_outputs/2026-06-03/08-57-20/config.yaml,38815,/home/zhaowenhao/isaaclab_nhb/isaaclab_nhb/outputs/2026-06-03/08-57-20/.hydra/config.yaml
hydra_output,hydra_outputs/2026-06-03/08-57-20/overrides.yaml,3,/home/zhaowenhao/isaaclab_nhb/isaaclab_nhb/outputs/2026-06-03/08-57-20/.hydra/overrides.yaml
hydra_output,hydra_outputs/2026-06-03/20-12-39/config.yaml,38815,/home/zhaowenhao/isaaclab_nhb/isaaclab_nhb/outputs/2026-06-03/20-12-39/.hydra/config.yaml
hydra_output,hydra_outputs/2026-06-03/20-12-39/overrides.yaml,3,/home/zhaowenhao/isaaclab_nhb/isaaclab_nhb/outputs/2026-06-03/20-12-39/.hydra/overrides.yaml
hydra_output,hydra_outputs/2026-06-03/20-14-53/config.yaml,38815,/home/zhaowenhao/isaaclab_nhb/isaaclab_nhb/outputs/2026-06-03/20-14-53/.hydra/config.yaml
hydra_output,hydra_outputs/2026-06-03/20-14-53/overrides.yaml,3,/home/zhaowenhao/isaaclab_nhb/isaaclab_nhb/outputs/2026-06-03/20-14-53/.hydra/overrides.yaml
hydra_output,hydra_outputs/2026-06-03/20-18-07/config.yaml,38815,/home/zhaowenhao/isaaclab_nhb/isaaclab_nhb/outputs/2026-06-03/20-18-07/.hydra/config.yaml
hydra_output,hydra_outputs/2026-06-03/20-18-07/overrides.yaml,3,/home/zhaowenhao/isaaclab_nhb/isaaclab_nhb/outputs/2026-06-03/20-18-07/.hydra/overrides.yaml
hydra_output,hydra_outputs/2026-06-03/20-21-52/config.yaml,38815,/home/zhaowenhao/isaaclab_nhb/isaaclab_nhb/outputs/2026-06-03/20-21-52/.hydra/config.yaml
hydra_output,hydra_outputs/2026-06-03/20-21-52/overrides.yaml,3,/home/zhaowenhao/isaaclab_nhb/isaaclab_nhb/outputs/2026-06-03/20-21-52/.hydra/overrides.yaml
hydra_output,hydra_outputs/2026-06-03/20-23-01/config.yaml,38815,/home/zhaowenhao/isaaclab_nhb/isaaclab_nhb/outputs/2026-06-03/20-23-01/.hydra/config.yaml
hydra_output,hydra_outputs/2026-06-03/20-23-01/overrides.yaml,3,/home/zhaowenhao/isaaclab_nhb/isaaclab_nhb/outputs/2026-06-03/20-23-01/.hydra/overrides.yaml
hydra_output,hydra_outputs/2026-06-03/20-24-19/config.yaml,38815,/home/zhaowenhao/isaaclab_nhb/isaaclab_nhb/outputs/2026-06-03/20-24-19/.hydra/config.yaml
hydra_output,hydra_outputs/2026-06-03/20-24-19/overrides.yaml,3,/home/zhaowenhao/isaaclab_nhb/isaaclab_nhb/outputs/2026-06-03/20-24-19/.hydra/overrides.yaml
hydra_output,hydra_outputs/2026-06-03/20-27-43/config.yaml,38815,/home/zhaowenhao/isaaclab_nhb/isaaclab_nhb/outputs/2026-06-03/20-27-43/.hydra/config.yaml
hydra_output,hydra_outputs/2026-06-03/20-27-43/overrides.yaml,3,/home/zhaowenhao/isaaclab_nhb/isaaclab_nhb/outputs/2026-06-03/20-27-43/.hydra/overrides.yaml
hydra_output,hydra_outputs/2026-06-03/20-30-24/config.yaml,38815,/home/zhaowenhao/isaaclab_nhb/isaaclab_nhb/outputs/2026-06-03/20-30-24/.hydra/config.yaml
hydra_output,hydra_outputs/2026-06-03/20-30-24/overrides.yaml,3,/home/zhaowenhao/isaaclab_nhb/isaaclab_nhb/outputs/2026-06-03/20-30-24/.hydra/overrides.yaml
hydra_output,hydra_outputs/2026-06-04/10-10-45/config.yaml,43444,/home/zhaowenhao/isaaclab_nhb/isaaclab_nhb/outputs/2026-06-04/10-10-45/.hydra/config.yaml
hydra_output,hydra_outputs/2026-06-04/10-10-45/overrides.yaml,3,/home/zhaowenhao/isaaclab_nhb/isaaclab_nhb/outputs/2026-06-04/10-10-45/.hydra/overrides.yaml
hydra_output,hydra_outputs/2026-06-04/10-11-08/config.yaml,43444,/home/zhaowenhao/isaaclab_nhb/isaaclab_nhb/outputs/2026-06-04/10-11-08/.hydra/config.yaml
hydra_output,hydra_outputs/2026-06-04/10-11-08/overrides.yaml,3,/home/zhaowenhao/isaaclab_nhb/isaaclab_nhb/outputs/2026-06-04/10-11-08/.hydra/overrides.yaml
hydra_output,hydra_outputs/2026-06-04/17-50-56/config.yaml,43444,/home/zhaowenhao/isaaclab_nhb/isaaclab_nhb/outputs/2026-06-04/17-50-56/.hydra/config.yaml
hydra_output,hydra_outputs/2026-06-04/17-50-56/overrides.yaml,3,/home/zhaowenhao/isaaclab_nhb/isaaclab_nhb/outputs/2026-06-04/17-50-56/.hydra/overrides.yaml
hydra_output,hydra_outputs/2026-06-04/17-53-21/config.yaml,43444,/home/zhaowenhao/isaaclab_nhb/isaaclab_nhb/outputs/2026-06-04/17-53-21/.hydra/config.yaml
hydra_output,hydra_outputs/2026-06-04/17-53-21/overrides.yaml,3,/home/zhaowenhao/isaaclab_nhb/isaaclab_nhb/outputs/2026-06-04/17-53-21/.hydra/overrides.yaml
hydra_output,hydra_outputs/2026-06-05/21-36-37/config.yaml,43444,/home/zhaowenhao/isaaclab_nhb/isaaclab_nhb/outputs/2026-06-05/21-36-37/.hydra/config.yaml
hydra_output,hydra_outputs/2026-06-05/21-36-37/overrides.yaml,3,/home/zhaowenhao/isaaclab_nhb/isaaclab_nhb/outputs/2026-06-05/21-36-37/.hydra/overrides.yaml
hydra_output,hydra_outputs/2026-06-05/21-41-50/config.yaml,43444,/home/zhaowenhao/isaaclab_nhb/isaaclab_nhb/outputs/2026-06-05/21-41-50/.hydra/config.yaml
hydra_output,hydra_outputs/2026-06-05/21-41-50/overrides.yaml,3,/home/zhaowenhao/isaaclab_nhb/isaaclab_nhb/outputs/2026-06-05/21-41-50/.hydra/overrides.yaml
hydra_output,hydra_outputs/2026-06-05/21-43-32/config.yaml,43444,/home/zhaowenhao/isaaclab_nhb/isaaclab_nhb/outputs/2026-06-05/21-43-32/.hydra/config.yaml
hydra_output,hydra_outputs/2026-06-05/21-43-32/overrides.yaml,3,/home/zhaowenhao/isaaclab_nhb/isaaclab_nhb/outputs/2026-06-05/21-43-32/.hydra/overrides.yaml
hydra_output,hydra_outputs/2026-06-05/21-44-43/config.yaml,43444,/home/zhaowenhao/isaaclab_nhb/isaaclab_nhb/outputs/2026-06-05/21-44-43/.hydra/config.yaml
hydra_output,hydra_outputs/2026-06-05/21-44-43/overrides.yaml,3,/home/zhaowenhao/isaaclab_nhb/isaaclab_nhb/outputs/2026-06-05/21-44-43/.hydra/overrides.yaml
hydra_output,hydra_outputs/2026-06-05/21-46-02/config.yaml,43444,/home/zhaowenhao/isaaclab_nhb/isaaclab_nhb/outputs/2026-06-05/21-46-02/.hydra/config.yaml
hydra_output,hydra_outputs/2026-06-05/21-46-02/overrides.yaml,3,/home/zhaowenhao/isaaclab_nhb/isaaclab_nhb/outputs/2026-06-05/21-46-02/.hydra/overrides.yaml
hydra_output,hydra_outputs/2026-06-05/21-47-01/config.yaml,43444,/home/zhaowenhao/isaaclab_nhb/isaaclab_nhb/outputs/2026-06-05/21-47-01/.hydra/config.yaml
hydra_output,hydra_outputs/2026-06-05/21-47-01/overrides.yaml,3,/home/zhaowenhao/isaaclab_nhb/isaaclab_nhb/outputs/2026-06-05/21-47-01/.hydra/overrides.yaml
hydra_output,hydra_outputs/2026-06-05/21-48-30/config.yaml,43444,/home/zhaowenhao/isaaclab_nhb/isaaclab_nhb/outputs/2026-06-05/21-48-30/.hydra/config.yaml
hydra_output,hydra_outputs/2026-06-05/21-48-30/overrides.yaml,3,/home/zhaowenhao/isaaclab_nhb/isaaclab_nhb/outputs/2026-06-05/21-48-30/.hydra/overrides.yaml
hydra_output,hydra_outputs/2026-06-05/21-49-53/config.yaml,43444,/home/zhaowenhao/isaaclab_nhb/isaaclab_nhb/outputs/2026-06-05/21-49-53/.hydra/config.yaml
hydra_output,hydra_outputs/2026-06-05/21-49-53/overrides.yaml,3,/home/zhaowenhao/isaaclab_nhb/isaaclab_nhb/outputs/2026-06-05/21-49-53/.hydra/overrides.yaml
hydra_output,hydra_outputs/2026-06-05/21-51-22/config.yaml,43444,/home/zhaowenhao/isaaclab_nhb/isaaclab_nhb/outputs/2026-06-05/21-51-22/.hydra/config.yaml
hydra_output,hydra_outputs/2026-06-05/21-51-22/overrides.yaml,3,/home/zhaowenhao/isaaclab_nhb/isaaclab_nhb/outputs/2026-06-05/21-51-22/.hydra/overrides.yaml
hydra_output,hydra_outputs/2026-06-05/21-54-02/config.yaml,43444,/home/zhaowenhao/isaaclab_nhb/isaaclab_nhb/outputs/2026-06-05/21-54-02/.hydra/config.yaml
hydra_output,hydra_outputs/2026-06-05/21-54-02/overrides.yaml,3,/home/zhaowenhao/isaaclab_nhb/isaaclab_nhb/outputs/2026-06-05/21-54-02/.hydra/overrides.yaml
hydra_output,hydra_outputs/2026-06-05/21-55-36/config.yaml,43444,/home/zhaowenhao/isaaclab_nhb/isaaclab_nhb/outputs/2026-06-05/21-55-36/.hydra/config.yaml
hydra_output,hydra_outputs/2026-06-05/21-55-36/overrides.yaml,3,/home/zhaowenhao/isaaclab_nhb/isaaclab_nhb/outputs/2026-06-05/21-55-36/.hydra/overrides.yaml
hydra_output,hydra_outputs/2026-06-05/21-56-40/config.yaml,43444,/home/zhaowenhao/isaaclab_nhb/isaaclab_nhb/outputs/2026-06-05/21-56-40/.hydra/config.yaml
hydra_output,hydra_outputs/2026-06-05/21-56-40/overrides.yaml,3,/home/zhaowenhao/isaaclab_nhb/isaaclab_nhb/outputs/2026-06-05/21-56-40/.hydra/overrides.yaml
hydra_output,hydra_outputs/2026-06-05/21-59-47/config.yaml,43444,/home/zhaowenhao/isaaclab_nhb/isaaclab_nhb/outputs/2026-06-05/21-59-47/.hydra/config.yaml
hydra_output,hydra_outputs/2026-06-05/21-59-47/overrides.yaml,3,/home/zhaowenhao/isaaclab_nhb/isaaclab_nhb/outputs/2026-06-05/21-59-47/.hydra/overrides.yaml
hydra_output,hydra_outputs/2026-06-05/22-02-46/config.yaml,43444,/home/zhaowenhao/isaaclab_nhb/isaaclab_nhb/outputs/2026-06-05/22-02-46/.hydra/config.yaml
hydra_output,hydra_outputs/2026-06-05/22-02-46/overrides.yaml,3,/home/zhaowenhao/isaaclab_nhb/isaaclab_nhb/outputs/2026-06-05/22-02-46/.hydra/overrides.yaml
hydra_output,hydra_outputs/2026-06-05/22-03-54/config.yaml,43444,/home/zhaowenhao/isaaclab_nhb/isaaclab_nhb/outputs/2026-06-05/22-03-54/.hydra/config.yaml
hydra_output,hydra_outputs/2026-06-05/22-03-54/overrides.yaml,3,/home/zhaowenhao/isaaclab_nhb/isaaclab_nhb/outputs/2026-06-05/22-03-54/.hydra/overrides.yaml
hydra_output,hydra_outputs/2026-06-05/22-10-01/config.yaml,43444,/home/zhaowenhao/isaaclab_nhb/isaaclab_nhb/outputs/2026-06-05/22-10-01/.hydra/config.yaml
hydra_output,hydra_outputs/2026-06-05/22-10-01/overrides.yaml,3,/home/zhaowenhao/isaaclab_nhb/isaaclab_nhb/outputs/2026-06-05/22-10-01/.hydra/overrides.yaml
hydra_output,hydra_outputs/2026-06-06/11-24-25/config.yaml,43444,/home/zhaowenhao/isaaclab_nhb/isaaclab_nhb/outputs/2026-06-06/11-24-25/.hydra/config.yaml
hydra_output,hydra_outputs/2026-06-06/11-24-25/overrides.yaml,3,/home/zhaowenhao/isaaclab_nhb/isaaclab_nhb/outputs/2026-06-06/11-24-25/.hydra/overrides.yaml
hydra_output,hydra_outputs/2026-06-06/11-26-08/config.yaml,43444,/home/zhaowenhao/isaaclab_nhb/isaaclab_nhb/outputs/2026-06-06/11-26-08/.hydra/config.yaml
hydra_output,hydra_outputs/2026-06-06/11-26-08/overrides.yaml,3,/home/zhaowenhao/isaaclab_nhb/isaaclab_nhb/outputs/2026-06-06/11-26-08/.hydra/overrides.yaml
hydra_output,hydra_outputs/2026-06-06/12-05-05/config.yaml,35197,/home/zhaowenhao/isaaclab_nhb/isaaclab_nhb/outputs/2026-06-06/12-05-05/.hydra/config.yaml
hydra_output,hydra_outputs/2026-06-06/12-05-05/overrides.yaml,3,/home/zhaowenhao/isaaclab_nhb/isaaclab_nhb/outputs/2026-06-06/12-05-05/.hydra/overrides.yaml
hydra_output,hydra_outputs/2026-06-06/13-45-36/config.yaml,37273,/home/zhaowenhao/isaaclab_nhb/isaaclab_nhb/outputs/2026-06-06/13-45-36/.hydra/config.yaml
hydra_output,hydra_outputs/2026-06-06/13-45-36/overrides.yaml,3,/home/zhaowenhao/isaaclab_nhb/isaaclab_nhb/outputs/2026-06-06/13-45-36/.hydra/overrides.yaml
hydra_output,hydra_outputs/2026-06-06/13-45-41/config.yaml,43071,/home/zhaowenhao/isaaclab_nhb/isaaclab_nhb/outputs/2026-06-06/13-45-41/.hydra/config.yaml
hydra_output,hydra_outputs/2026-06-06/13-45-41/overrides.yaml,3,/home/zhaowenhao/isaaclab_nhb/isaaclab_nhb/outputs/2026-06-06/13-45-41/.hydra/overrides.yaml
hydra_output,hydra_outputs/2026-06-06/15-32-10/config.yaml,43071,/home/zhaowenhao/isaaclab_nhb/isaaclab_nhb/outputs/2026-06-06/15-32-10/.hydra/config.yaml
hydra_output,hydra_outputs/2026-06-06/15-32-10/overrides.yaml,3,/home/zhaowenhao/isaaclab_nhb/isaaclab_nhb/outputs/2026-06-06/15-32-10/.hydra/overrides.yaml
hydra_output,hydra_outputs/2026-06-06/15-37-40/config.yaml,37273,/home/zhaowenhao/isaaclab_nhb/isaaclab_nhb/outputs/2026-06-06/15-37-40/.hydra/config.yaml
hydra_output,hydra_outputs/2026-06-06/15-37-40/overrides.yaml,3,/home/zhaowenhao/isaaclab_nhb/isaaclab_nhb/outputs/2026-06-06/15-37-40/.hydra/overrides.yaml
hydra_output,hydra_outputs/2026-06-06/19-02-00/config.yaml,37273,/home/zhaowenhao/isaaclab_nhb/isaaclab_nhb/outputs/2026-06-06/19-02-00/.hydra/config.yaml
hydra_output,hydra_outputs/2026-06-06/19-02-00/overrides.yaml,3,/home/zhaowenhao/isaaclab_nhb/isaaclab_nhb/outputs/2026-06-06/19-02-00/.hydra/overrides.yaml
hydra_output,hydra_outputs/2026-06-06/19-03-18/config.yaml,43071,/home/zhaowenhao/isaaclab_nhb/isaaclab_nhb/outputs/2026-06-06/19-03-18/.hydra/config.yaml
hydra_output,hydra_outputs/2026-06-06/19-03-18/overrides.yaml,3,/home/zhaowenhao/isaaclab_nhb/isaaclab_nhb/outputs/2026-06-06/19-03-18/.hydra/overrides.yaml
hydra_output,hydra_outputs/2026-06-06/19-05-27/config.yaml,43071,/home/zhaowenhao/isaaclab_nhb/isaaclab_nhb/outputs/2026-06-06/19-05-27/.hydra/config.yaml
hydra_output,hydra_outputs/2026-06-06/19-05-27/overrides.yaml,3,/home/zhaowenhao/isaaclab_nhb/isaaclab_nhb/outputs/2026-06-06/19-05-27/.hydra/overrides.yaml
hydra_output,hydra_outputs/2026-06-06/19-19-36/config.yaml,43439,/home/zhaowenhao/isaaclab_nhb/isaaclab_nhb/outputs/2026-06-06/19-19-36/.hydra/config.yaml
hydra_output,hydra_outputs/2026-06-06/19-19-36/overrides.yaml,3,/home/zhaowenhao/isaaclab_nhb/isaaclab_nhb/outputs/2026-06-06/19-19-36/.hydra/overrides.yaml
hydra_output,hydra_outputs/2026-06-06/22-41-40/config.yaml,37272,/home/zhaowenhao/isaaclab_nhb/isaaclab_nhb/outputs/2026-06-06/22-41-40/.hydra/config.yaml
hydra_output,hydra_outputs/2026-06-06/22-41-40/overrides.yaml,3,/home/zhaowenhao/isaaclab_nhb/isaaclab_nhb/outputs/2026-06-06/22-41-40/.hydra/overrides.yaml
hydra_output,hydra_outputs/2026-06-07/10-02-23/config.yaml,43439,/home/zhaowenhao/isaaclab_nhb/isaaclab_nhb/outputs/2026-06-07/10-02-23/.hydra/config.yaml
hydra_output,hydra_outputs/2026-06-07/10-02-23/overrides.yaml,3,/home/zhaowenhao/isaaclab_nhb/isaaclab_nhb/outputs/2026-06-07/10-02-23/.hydra/overrides.yaml
hydra_output,hydra_outputs/2026-06-07/10-04-36/config.yaml,37272,/home/zhaowenhao/isaaclab_nhb/isaaclab_nhb/outputs/2026-06-07/10-04-36/.hydra/config.yaml
hydra_output,hydra_outputs/2026-06-07/10-04-36/overrides.yaml,3,/home/zhaowenhao/isaaclab_nhb/isaaclab_nhb/outputs/2026-06-07/10-04-36/.hydra/overrides.yaml
hydra_output,hydra_outputs/2026-06-07/12-11-26/config.yaml,43457,/home/zhaowenhao/isaaclab_nhb/isaaclab_nhb/outputs/2026-06-07/12-11-26/.hydra/config.yaml
hydra_output,hydra_outputs/2026-06-07/12-11-26/overrides.yaml,3,/home/zhaowenhao/isaaclab_nhb/isaaclab_nhb/outputs/2026-06-07/12-11-26/.hydra/overrides.yaml
hydra_output,hydra_outputs/2026-06-07/15-43-40/config.yaml,43457,/home/zhaowenhao/isaaclab_nhb/isaaclab_nhb/outputs/2026-06-07/15-43-40/.hydra/config.yaml
hydra_output,hydra_outputs/2026-06-07/15-43-40/overrides.yaml,3,/home/zhaowenhao/isaaclab_nhb/isaaclab_nhb/outputs/2026-06-07/15-43-40/.hydra/overrides.yaml
hydra_output,hydra_outputs/2026-06-07/15-47-16/config.yaml,43457,/home/zhaowenhao/isaaclab_nhb/isaaclab_nhb/outputs/2026-06-07/15-47-16/.hydra/config.yaml
hydra_output,hydra_outputs/2026-06-07/15-47-16/overrides.yaml,3,/home/zhaowenhao/isaaclab_nhb/isaaclab_nhb/outputs/2026-06-07/15-47-16/.hydra/overrides.yaml
hydra_output,hydra_outputs/2026-06-07/18-17-10/config.yaml,43457,/home/zhaowenhao/isaaclab_nhb/isaaclab_nhb/outputs/2026-06-07/18-17-10/.hydra/config.yaml
hydra_output,hydra_outputs/2026-06-07/18-17-10/overrides.yaml,3,/home/zhaowenhao/isaaclab_nhb/isaaclab_nhb/outputs/2026-06-07/18-17-10/.hydra/overrides.yaml
hydra_output,hydra_outputs/2026-06-07/23-33-58/config.yaml,43457,/home/zhaowenhao/isaaclab_nhb/isaaclab_nhb/outputs/2026-06-07/23-33-58/.hydra/config.yaml
hydra_output,hydra_outputs/2026-06-07/23-33-58/overrides.yaml,3,/home/zhaowenhao/isaaclab_nhb/isaaclab_nhb/outputs/2026-06-07/23-33-58/.hydra/overrides.yaml
hydra_output,hydra_outputs/2026-06-07/23-42-37/config.yaml,43457,/home/zhaowenhao/isaaclab_nhb/isaaclab_nhb/outputs/2026-06-07/23-42-37/.hydra/config.yaml
hydra_output,hydra_outputs/2026-06-07/23-42-37/overrides.yaml,3,/home/zhaowenhao/isaaclab_nhb/isaaclab_nhb/outputs/2026-06-07/23-42-37/.hydra/overrides.yaml
hydra_output,hydra_outputs/2026-06-07/23-43-51/config.yaml,43457,/home/zhaowenhao/isaaclab_nhb/isaaclab_nhb/outputs/2026-06-07/23-43-51/.hydra/config.yaml
hydra_output,hydra_outputs/2026-06-07/23-43-51/overrides.yaml,3,/home/zhaowenhao/isaaclab_nhb/isaaclab_nhb/outputs/2026-06-07/23-43-51/.hydra/overrides.yaml
hydra_output,hydra_outputs/2026-06-08/09-50-55/config.yaml,43457,/home/zhaowenhao/isaaclab_nhb/isaaclab_nhb/outputs/2026-06-08/09-50-55/.hydra/config.yaml
hydra_output,hydra_outputs/2026-06-08/09-50-55/overrides.yaml,3,/home/zhaowenhao/isaaclab_nhb/isaaclab_nhb/outputs/2026-06-08/09-50-55/.hydra/overrides.yaml
hydra_output,hydra_outputs/2026-06-08/09-52-45/config.yaml,43457,/home/zhaowenhao/isaaclab_nhb/isaaclab_nhb/outputs/2026-06-08/09-52-45/.hydra/config.yaml
hydra_output,hydra_outputs/2026-06-08/09-52-45/overrides.yaml,3,/home/zhaowenhao/isaaclab_nhb/isaaclab_nhb/outputs/2026-06-08/09-52-45/.hydra/overrides.yaml
hydra_output,hydra_outputs/2026-06-08/10-25-01/config.yaml,43457,/home/zhaowenhao/isaaclab_nhb/isaaclab_nhb/outputs/2026-06-08/10-25-01/.hydra/config.yaml
hydra_output,hydra_outputs/2026-06-08/10-25-01/overrides.yaml,3,/home/zhaowenhao/isaaclab_nhb/isaaclab_nhb/outputs/2026-06-08/10-25-01/.hydra/overrides.yaml
hydra_output,hydra_outputs/2026-06-08/10-26-42/config.yaml,43457,/home/zhaowenhao/isaaclab_nhb/isaaclab_nhb/outputs/2026-06-08/10-26-42/.hydra/config.yaml
hydra_output,hydra_outputs/2026-06-08/10-26-42/overrides.yaml,3,/home/zhaowenhao/isaaclab_nhb/isaaclab_nhb/outputs/2026-06-08/10-26-42/.hydra/overrides.yaml
hydra_output,hydra_outputs/2026-06-08/10-27-41/config.yaml,43457,/home/zhaowenhao/isaaclab_nhb/isaaclab_nhb/outputs/2026-06-08/10-27-41/.hydra/config.yaml
hydra_output,hydra_outputs/2026-06-08/10-27-41/overrides.yaml,3,/home/zhaowenhao/isaaclab_nhb/isaaclab_nhb/outputs/2026-06-08/10-27-41/.hydra/overrides.yaml
hydra_output,hydra_outputs/2026-06-08/10-28-41/config.yaml,43457,/home/zhaowenhao/isaaclab_nhb/isaaclab_nhb/outputs/2026-06-08/10-28-41/.hydra/config.yaml
hydra_output,hydra_outputs/2026-06-08/10-28-41/overrides.yaml,3,/home/zhaowenhao/isaaclab_nhb/isaaclab_nhb/outputs/2026-06-08/10-28-41/.hydra/overrides.yaml
hydra_output,hydra_outputs/2026-06-08/10-31-16/config.yaml,43457,/home/zhaowenhao/isaaclab_nhb/isaaclab_nhb/outputs/2026-06-08/10-31-16/.hydra/config.yaml
hydra_output,hydra_outputs/2026-06-08/10-31-16/overrides.yaml,3,/home/zhaowenhao/isaaclab_nhb/isaaclab_nhb/outputs/2026-06-08/10-31-16/.hydra/overrides.yaml
hydra_output,hydra_outputs/2026-06-08/10-32-04/config.yaml,43457,/home/zhaowenhao/isaaclab_nhb/isaaclab_nhb/outputs/2026-06-08/10-32-04/.hydra/config.yaml
hydra_output,hydra_outputs/2026-06-08/10-32-04/overrides.yaml,3,/home/zhaowenhao/isaaclab_nhb/isaaclab_nhb/outputs/2026-06-08/10-32-04/.hydra/overrides.yaml
hydra_output,hydra_outputs/2026-06-08/10-32-52/config.yaml,43457,/home/zhaowenhao/isaaclab_nhb/isaaclab_nhb/outputs/2026-06-08/10-32-52/.hydra/config.yaml
hydra_output,hydra_outputs/2026-06-08/10-32-52/overrides.yaml,3,/home/zhaowenhao/isaaclab_nhb/isaaclab_nhb/outputs/2026-06-08/10-32-52/.hydra/overrides.yaml
hydra_output,hydra_outputs/2026-06-08/10-54-15/config.yaml,42836,/home/zhaowenhao/isaaclab_nhb/isaaclab_nhb/outputs/2026-06-08/10-54-15/.hydra/config.yaml
hydra_output,hydra_outputs/2026-06-08/10-54-15/overrides.yaml,3,/home/zhaowenhao/isaaclab_nhb/isaaclab_nhb/outputs/2026-06-08/10-54-15/.hydra/overrides.yaml
hydra_output,hydra_outputs/2026-06-08/11-11-46/config.yaml,36716,/home/zhaowenhao/isaaclab_nhb/isaaclab_nhb/outputs/2026-06-08/11-11-46/.hydra/config.yaml
hydra_output,hydra_outputs/2026-06-08/11-11-46/overrides.yaml,3,/home/zhaowenhao/isaaclab_nhb/isaaclab_nhb/outputs/2026-06-08/11-11-46/.hydra/overrides.yaml
hydra_output,hydra_outputs/2026-06-08/11-13-48/config.yaml,36575,/home/zhaowenhao/isaaclab_nhb/isaaclab_nhb/outputs/2026-06-08/11-13-48/.hydra/config.yaml
hydra_output,hydra_outputs/2026-06-08/11-13-48/overrides.yaml,3,/home/zhaowenhao/isaaclab_nhb/isaaclab_nhb/outputs/2026-06-08/11-13-48/.hydra/overrides.yaml
hydra_output,hydra_outputs/2026-06-08/11-14-49/config.yaml,36575,/home/zhaowenhao/isaaclab_nhb/isaaclab_nhb/outputs/2026-06-08/11-14-49/.hydra/config.yaml
hydra_output,hydra_outputs/2026-06-08/11-14-49/overrides.yaml,3,/home/zhaowenhao/isaaclab_nhb/isaaclab_nhb/outputs/2026-06-08/11-14-49/.hydra/overrides.yaml
hydra_output,hydra_outputs/2026-06-08/11-17-42/config.yaml,36575,/home/zhaowenhao/isaaclab_nhb/isaaclab_nhb/outputs/2026-06-08/11-17-42/.hydra/config.yaml
hydra_output,hydra_outputs/2026-06-08/11-17-42/overrides.yaml,3,/home/zhaowenhao/isaaclab_nhb/isaaclab_nhb/outputs/2026-06-08/11-17-42/.hydra/overrides.yaml
hydra_output,hydra_outputs/2026-06-08/14-46-34/config.yaml,42836,/home/zhaowenhao/isaaclab_nhb/isaaclab_nhb/outputs/2026-06-08/14-46-34/.hydra/config.yaml
hydra_output,hydra_outputs/2026-06-08/14-46-34/overrides.yaml,3,/home/zhaowenhao/isaaclab_nhb/isaaclab_nhb/outputs/2026-06-08/14-46-34/.hydra/overrides.yaml
hydra_output,hydra_outputs/2026-06-08/15-10-20/config.yaml,44091,/home/zhaowenhao/isaaclab_nhb/isaaclab_nhb/outputs/2026-06-08/15-10-20/.hydra/config.yaml
hydra_output,hydra_outputs/2026-06-08/15-10-20/overrides.yaml,3,/home/zhaowenhao/isaaclab_nhb/isaaclab_nhb/outputs/2026-06-08/15-10-20/.hydra/overrides.yaml
hydra_output,hydra_outputs/2026-06-08/15-11-10/config.yaml,44091,/home/zhaowenhao/isaaclab_nhb/isaaclab_nhb/outputs/2026-06-08/15-11-10/.hydra/config.yaml
hydra_output,hydra_outputs/2026-06-08/15-11-10/overrides.yaml,3,/home/zhaowenhao/isaaclab_nhb/isaaclab_nhb/outputs/2026-06-08/15-11-10/.hydra/overrides.yaml
hydra_output,hydra_outputs/2026-06-08/15-12-14/config.yaml,44091,/home/zhaowenhao/isaaclab_nhb/isaaclab_nhb/outputs/2026-06-08/15-12-14/.hydra/config.yaml
hydra_output,hydra_outputs/2026-06-08/15-12-14/overrides.yaml,3,/home/zhaowenhao/isaaclab_nhb/isaaclab_nhb/outputs/2026-06-08/15-12-14/.hydra/overrides.yaml
hydra_output,hydra_outputs/2026-06-08/16-40-00/config.yaml,44091,/home/zhaowenhao/isaaclab_nhb/isaaclab_nhb/outputs/2026-06-08/16-40-00/.hydra/config.yaml
hydra_output,hydra_outputs/2026-06-08/16-40-00/overrides.yaml,3,/home/zhaowenhao/isaaclab_nhb/isaaclab_nhb/outputs/2026-06-08/16-40-00/.hydra/overrides.yaml
hydra_output,hydra_outputs/2026-06-08/20-09-42/config.yaml,44091,/home/zhaowenhao/isaaclab_nhb/isaaclab_nhb/outputs/2026-06-08/20-09-42/.hydra/config.yaml
hydra_output,hydra_outputs/2026-06-08/20-09-42/overrides.yaml,3,/home/zhaowenhao/isaaclab_nhb/isaaclab_nhb/outputs/2026-06-08/20-09-42/.hydra/overrides.yaml
hydra_output,hydra_outputs/2026-06-09/07-42-02/config.yaml,44091,/home/zhaowenhao/isaaclab_nhb/isaaclab_nhb/outputs/2026-06-09/07-42-02/.hydra/config.yaml
hydra_output,hydra_outputs/2026-06-09/07-42-02/overrides.yaml,3,/home/zhaowenhao/isaaclab_nhb/isaaclab_nhb/outputs/2026-06-09/07-42-02/.hydra/overrides.yaml
hydra_output,hydra_outputs/2026-06-09/07-48-08/config.yaml,44091,/home/zhaowenhao/isaaclab_nhb/isaaclab_nhb/outputs/2026-06-09/07-48-08/.hydra/config.yaml
hydra_output,hydra_outputs/2026-06-09/07-48-08/overrides.yaml,3,/home/zhaowenhao/isaaclab_nhb/isaaclab_nhb/outputs/2026-06-09/07-48-08/.hydra/overrides.yaml
hydra_output,hydra_outputs/2026-06-09/07-49-56/config.yaml,44091,/home/zhaowenhao/isaaclab_nhb/isaaclab_nhb/outputs/2026-06-09/07-49-56/.hydra/config.yaml
hydra_output,hydra_outputs/2026-06-09/07-49-56/overrides.yaml,3,/home/zhaowenhao/isaaclab_nhb/isaaclab_nhb/outputs/2026-06-09/07-49-56/.hydra/overrides.yaml
hydra_output,hydra_outputs/2026-06-09/11-36-13/config.yaml,41330,/home/zhaowenhao/isaaclab_nhb/isaaclab_nhb/outputs/2026-06-09/11-36-13/.hydra/config.yaml
hydra_output,hydra_outputs/2026-06-09/11-36-13/overrides.yaml,3,/home/zhaowenhao/isaaclab_nhb/isaaclab_nhb/outputs/2026-06-09/11-36-13/.hydra/overrides.yaml
hydra_output,hydra_outputs/2026-06-09/11-37-48/config.yaml,48101,/home/zhaowenhao/isaaclab_nhb/isaaclab_nhb/outputs/2026-06-09/11-37-48/.hydra/config.yaml
hydra_output,hydra_outputs/2026-06-09/11-37-48/overrides.yaml,3,/home/zhaowenhao/isaaclab_nhb/isaaclab_nhb/outputs/2026-06-09/11-37-48/.hydra/overrides.yaml
hydra_output,hydra_outputs/2026-06-09/11-43-07/config.yaml,48101,/home/zhaowenhao/isaaclab_nhb/isaaclab_nhb/outputs/2026-06-09/11-43-07/.hydra/config.yaml
hydra_output,hydra_outputs/2026-06-09/11-43-07/overrides.yaml,3,/home/zhaowenhao/isaaclab_nhb/isaaclab_nhb/outputs/2026-06-09/11-43-07/.hydra/overrides.yaml
hydra_output,hydra_outputs/2026-06-09/15-53-01/config.yaml,41330,/home/zhaowenhao/isaaclab_nhb/isaaclab_nhb/outputs/2026-06-09/15-53-01/.hydra/config.yaml
hydra_output,hydra_outputs/2026-06-09/15-53-01/overrides.yaml,3,/home/zhaowenhao/isaaclab_nhb/isaaclab_nhb/outputs/2026-06-09/15-53-01/.hydra/overrides.yaml
hydra_output,hydra_outputs/2026-06-09/15-54-25/config.yaml,48101,/home/zhaowenhao/isaaclab_nhb/isaaclab_nhb/outputs/2026-06-09/15-54-25/.hydra/config.yaml
hydra_output,hydra_outputs/2026-06-09/15-54-25/overrides.yaml,3,/home/zhaowenhao/isaaclab_nhb/isaaclab_nhb/outputs/2026-06-09/15-54-25/.hydra/overrides.yaml
hydra_output,hydra_outputs/2026-06-09/15-56-07/config.yaml,48101,/home/zhaowenhao/isaaclab_nhb/isaaclab_nhb/outputs/2026-06-09/15-56-07/.hydra/config.yaml
hydra_output,hydra_outputs/2026-06-09/15-56-07/overrides.yaml,3,/home/zhaowenhao/isaaclab_nhb/isaaclab_nhb/outputs/2026-06-09/15-56-07/.hydra/overrides.yaml
hydra_output,hydra_outputs/2026-06-09/15-59-06/config.yaml,48101,/home/zhaowenhao/isaaclab_nhb/isaaclab_nhb/outputs/2026-06-09/15-59-06/.hydra/config.yaml
hydra_output,hydra_outputs/2026-06-09/15-59-06/overrides.yaml,3,/home/zhaowenhao/isaaclab_nhb/isaaclab_nhb/outputs/2026-06-09/15-59-06/.hydra/overrides.yaml
hydra_output,hydra_outputs/2026-06-09/19-54-39/config.yaml,48101,/home/zhaowenhao/isaaclab_nhb/isaaclab_nhb/outputs/2026-06-09/19-54-39/.hydra/config.yaml
hydra_output,hydra_outputs/2026-06-09/19-54-39/overrides.yaml,3,/home/zhaowenhao/isaaclab_nhb/isaaclab_nhb/outputs/2026-06-09/19-54-39/.hydra/overrides.yaml
hydra_output,hydra_outputs/2026-06-09/19-56-27/config.yaml,41330,/home/zhaowenhao/isaaclab_nhb/isaaclab_nhb/outputs/2026-06-09/19-56-27/.hydra/config.yaml
hydra_output,hydra_outputs/2026-06-09/19-56-27/overrides.yaml,3,/home/zhaowenhao/isaaclab_nhb/isaaclab_nhb/outputs/2026-06-09/19-56-27/.hydra/overrides.yaml
hydra_output,hydra_outputs/2026-06-09/19-58-04/config.yaml,41330,/home/zhaowenhao/isaaclab_nhb/isaaclab_nhb/outputs/2026-06-09/19-58-04/.hydra/config.yaml
hydra_output,hydra_outputs/2026-06-09/19-58-04/overrides.yaml,3,/home/zhaowenhao/isaaclab_nhb/isaaclab_nhb/outputs/2026-06-09/19-58-04/.hydra/overrides.yaml
hydra_output,hydra_outputs/2026-06-09/20-00-22/config.yaml,48101,/home/zhaowenhao/isaaclab_nhb/isaaclab_nhb/outputs/2026-06-09/20-00-22/.hydra/config.yaml
hydra_output,hydra_outputs/2026-06-09/20-00-22/overrides.yaml,3,/home/zhaowenhao/isaaclab_nhb/isaaclab_nhb/outputs/2026-06-09/20-00-22/.hydra/overrides.yaml
hydra_output,hydra_outputs/2026-06-09/20-22-31/config.yaml,49185,/home/zhaowenhao/isaaclab_nhb/isaaclab_nhb/outputs/2026-06-09/20-22-31/.hydra/config.yaml
hydra_output,hydra_outputs/2026-06-09/20-22-31/overrides.yaml,3,/home/zhaowenhao/isaaclab_nhb/isaaclab_nhb/outputs/2026-06-09/20-22-31/.hydra/overrides.yaml
hydra_output,hydra_outputs/2026-06-09/20-22-44/config.yaml,43414,/home/zhaowenhao/isaaclab_nhb/isaaclab_nhb/outputs/2026-06-09/20-22-44/.hydra/config.yaml
hydra_output,hydra_outputs/2026-06-09/20-22-44/overrides.yaml,3,/home/zhaowenhao/isaaclab_nhb/isaaclab_nhb/outputs/2026-06-09/20-22-44/.hydra/overrides.yaml
hydra_output,hydra_outputs/2026-06-10/07-11-40/config.yaml,49185,/home/zhaowenhao/isaaclab_nhb/isaaclab_nhb/outputs/2026-06-10/07-11-40/.hydra/config.yaml
hydra_output,hydra_outputs/2026-06-10/07-11-40/overrides.yaml,3,/home/zhaowenhao/isaaclab_nhb/isaaclab_nhb/outputs/2026-06-10/07-11-40/.hydra/overrides.yaml
hydra_output,hydra_outputs/2026-06-10/07-22-40/config.yaml,43414,/home/zhaowenhao/isaaclab_nhb/isaaclab_nhb/outputs/2026-06-10/07-22-40/.hydra/config.yaml
hydra_output,hydra_outputs/2026-06-10/07-22-40/overrides.yaml,3,/home/zhaowenhao/isaaclab_nhb/isaaclab_nhb/outputs/2026-06-10/07-22-40/.hydra/overrides.yaml
hydra_output,hydra_outputs/2026-06-10/07-27-50/config.yaml,43414,/home/zhaowenhao/isaaclab_nhb/isaaclab_nhb/outputs/2026-06-10/07-27-50/.hydra/config.yaml
hydra_output,hydra_outputs/2026-06-10/07-27-50/overrides.yaml,3,/home/zhaowenhao/isaaclab_nhb/isaaclab_nhb/outputs/2026-06-10/07-27-50/.hydra/overrides.yaml
hydra_output,hydra_outputs/2026-06-10/07-30-16/config.yaml,43414,/home/zhaowenhao/isaaclab_nhb/isaaclab_nhb/outputs/2026-06-10/07-30-16/.hydra/config.yaml
hydra_output,hydra_outputs/2026-06-10/07-30-16/overrides.yaml,3,/home/zhaowenhao/isaaclab_nhb/isaaclab_nhb/outputs/2026-06-10/07-30-16/.hydra/overrides.yaml
hydra_output,hydra_outputs/2026-06-10/07-38-46/config.yaml,49185,/home/zhaowenhao/isaaclab_nhb/isaaclab_nhb/outputs/2026-06-10/07-38-46/.hydra/config.yaml
hydra_output,hydra_outputs/2026-06-10/07-38-46/overrides.yaml,3,/home/zhaowenhao/isaaclab_nhb/isaaclab_nhb/outputs/2026-06-10/07-38-46/.hydra/overrides.yaml
hydra_output,hydra_outputs/2026-06-10/07-39-04/config.yaml,43414,/home/zhaowenhao/isaaclab_nhb/isaaclab_nhb/outputs/2026-06-10/07-39-04/.hydra/config.yaml
hydra_output,hydra_outputs/2026-06-10/07-39-04/overrides.yaml,3,/home/zhaowenhao/isaaclab_nhb/isaaclab_nhb/outputs/2026-06-10/07-39-04/.hydra/overrides.yaml
hydra_output,hydra_outputs/2026-06-10/12-25-33/config.yaml,49185,/home/zhaowenhao/isaaclab_nhb/isaaclab_nhb/outputs/2026-06-10/12-25-33/.hydra/config.yaml
hydra_output,hydra_outputs/2026-06-10/12-25-33/overrides.yaml,3,/home/zhaowenhao/isaaclab_nhb/isaaclab_nhb/outputs/2026-06-10/12-25-33/.hydra/overrides.yaml
hydra_output,hydra_outputs/2026-06-10/13-06-19/config.yaml,49185,/home/zhaowenhao/isaaclab_nhb/isaaclab_nhb/outputs/2026-06-10/13-06-19/.hydra/config.yaml
hydra_output,hydra_outputs/2026-06-10/13-06-19/overrides.yaml,3,/home/zhaowenhao/isaaclab_nhb/isaaclab_nhb/outputs/2026-06-10/13-06-19/.hydra/overrides.yaml
hydra_output,hydra_outputs/2026-06-10/13-20-07/config.yaml,49185,/home/zhaowenhao/isaaclab_nhb/isaaclab_nhb/outputs/2026-06-10/13-20-07/.hydra/config.yaml
hydra_output,hydra_outputs/2026-06-10/13-20-07/overrides.yaml,3,/home/zhaowenhao/isaaclab_nhb/isaaclab_nhb/outputs/2026-06-10/13-20-07/.hydra/overrides.yaml
hydra_output,hydra_outputs/2026-06-10/13-23-03/config.yaml,49185,/home/zhaowenhao/isaaclab_nhb/isaaclab_nhb/outputs/2026-06-10/13-23-03/.hydra/config.yaml
hydra_output,hydra_outputs/2026-06-10/13-23-03/overrides.yaml,3,/home/zhaowenhao/isaaclab_nhb/isaaclab_nhb/outputs/2026-06-10/13-23-03/.hydra/overrides.yaml
hydra_output,hydra_outputs/2026-06-10/13-39-14/config.yaml,49185,/home/zhaowenhao/isaaclab_nhb/isaaclab_nhb/outputs/2026-06-10/13-39-14/.hydra/config.yaml
hydra_output,hydra_outputs/2026-06-10/13-39-14/overrides.yaml,3,/home/zhaowenhao/isaaclab_nhb/isaaclab_nhb/outputs/2026-06-10/13-39-14/.hydra/overrides.yaml
hydra_output,hydra_outputs/2026-06-10/13-51-19/config.yaml,49185,/home/zhaowenhao/isaaclab_nhb/isaaclab_nhb/outputs/2026-06-10/13-51-19/.hydra/config.yaml
hydra_output,hydra_outputs/2026-06-10/13-51-19/overrides.yaml,3,/home/zhaowenhao/isaaclab_nhb/isaaclab_nhb/outputs/2026-06-10/13-51-19/.hydra/overrides.yaml
hydra_output,hydra_outputs/2026-06-10/16-33-44/config.yaml,49185,/home/zhaowenhao/isaaclab_nhb/isaaclab_nhb/outputs/2026-06-10/16-33-44/.hydra/config.yaml
hydra_output,hydra_outputs/2026-06-10/16-33-44/overrides.yaml,3,/home/zhaowenhao/isaaclab_nhb/isaaclab_nhb/outputs/2026-06-10/16-33-44/.hydra/overrides.yaml
hydra_output,hydra_outputs/2026-06-10/16-40-54/config.yaml,49185,/home/zhaowenhao/isaaclab_nhb/isaaclab_nhb/outputs/2026-06-10/16-40-54/.hydra/config.yaml
hydra_output,hydra_outputs/2026-06-10/16-40-54/overrides.yaml,3,/home/zhaowenhao/isaaclab_nhb/isaaclab_nhb/outputs/2026-06-10/16-40-54/.hydra/overrides.yaml
hydra_output,hydra_outputs/2026-06-10/16-56-55/config.yaml,49185,/home/zhaowenhao/isaaclab_nhb/isaaclab_nhb/outputs/2026-06-10/16-56-55/.hydra/config.yaml
hydra_output,hydra_outputs/2026-06-10/16-56-55/overrides.yaml,3,/home/zhaowenhao/isaaclab_nhb/isaaclab_nhb/outputs/2026-06-10/16-56-55/.hydra/overrides.yaml
hydra_output,hydra_outputs/2026-06-10/16-57-25/config.yaml,49185,/home/zhaowenhao/isaaclab_nhb/isaaclab_nhb/outputs/2026-06-10/16-57-25/.hydra/config.yaml
hydra_output,hydra_outputs/2026-06-10/16-57-25/overrides.yaml,3,/home/zhaowenhao/isaaclab_nhb/isaaclab_nhb/outputs/2026-06-10/16-57-25/.hydra/overrides.yaml
hydra_output,hydra_outputs/2026-06-10/17-01-52/config.yaml,49185,/home/zhaowenhao/isaaclab_nhb/isaaclab_nhb/outputs/2026-06-10/17-01-52/.hydra/config.yaml
hydra_output,hydra_outputs/2026-06-10/17-01-52/overrides.yaml,3,/home/zhaowenhao/isaaclab_nhb/isaaclab_nhb/outputs/2026-06-10/17-01-52/.hydra/overrides.yaml
hydra_output,hydra_outputs/2026-06-10/17-03-08/config.yaml,49185,/home/zhaowenhao/isaaclab_nhb/isaaclab_nhb/outputs/2026-06-10/17-03-08/.hydra/config.yaml
hydra_output,hydra_outputs/2026-06-10/17-03-08/overrides.yaml,3,/home/zhaowenhao/isaaclab_nhb/isaaclab_nhb/outputs/2026-06-10/17-03-08/.hydra/overrides.yaml
hydra_output,hydra_outputs/2026-06-10/17-12-27/config.yaml,49185,/home/zhaowenhao/isaaclab_nhb/isaaclab_nhb/outputs/2026-06-10/17-12-27/.hydra/config.yaml
hydra_output,hydra_outputs/2026-06-10/17-12-27/overrides.yaml,3,/home/zhaowenhao/isaaclab_nhb/isaaclab_nhb/outputs/2026-06-10/17-12-27/.hydra/overrides.yaml
hydra_output,hydra_outputs/2026-06-11/07-08-39/config.yaml,49185,/home/zhaowenhao/isaaclab_nhb/isaaclab_nhb/outputs/2026-06-11/07-08-39/.hydra/config.yaml
hydra_output,hydra_outputs/2026-06-11/07-08-39/overrides.yaml,3,/home/zhaowenhao/isaaclab_nhb/isaaclab_nhb/outputs/2026-06-11/07-08-39/.hydra/overrides.yaml
hydra_output,hydra_outputs/2026-06-11/08-44-21/config.yaml,49185,/home/zhaowenhao/isaaclab_nhb/isaaclab_nhb/outputs/2026-06-11/08-44-21/.hydra/config.yaml
hydra_output,hydra_outputs/2026-06-11/08-44-21/overrides.yaml,3,/home/zhaowenhao/isaaclab_nhb/isaaclab_nhb/outputs/2026-06-11/08-44-21/.hydra/overrides.yaml
hydra_output,hydra_outputs/2026-06-11/09-25-25/config.yaml,49185,/home/zhaowenhao/isaaclab_nhb/isaaclab_nhb/outputs/2026-06-11/09-25-25/.hydra/config.yaml
hydra_output,hydra_outputs/2026-06-11/09-25-25/overrides.yaml,3,/home/zhaowenhao/isaaclab_nhb/isaaclab_nhb/outputs/2026-06-11/09-25-25/.hydra/overrides.yaml
hydra_output,hydra_outputs/2026-06-11/10-32-58/config.yaml,49185,/home/zhaowenhao/isaaclab_nhb/isaaclab_nhb/outputs/2026-06-11/10-32-58/.hydra/config.yaml
hydra_output,hydra_outputs/2026-06-11/10-32-58/overrides.yaml,3,/home/zhaowenhao/isaaclab_nhb/isaaclab_nhb/outputs/2026-06-11/10-32-58/.hydra/overrides.yaml
hydra_output,hydra_outputs/2026-06-11/18-54-53/config.yaml,49186,/home/zhaowenhao/isaaclab_nhb/isaaclab_nhb/outputs/2026-06-11/18-54-53/.hydra/config.yaml
hydra_output,hydra_outputs/2026-06-11/18-54-53/overrides.yaml,3,/home/zhaowenhao/isaaclab_nhb/isaaclab_nhb/outputs/2026-06-11/18-54-53/.hydra/overrides.yaml
hydra_output,hydra_outputs/2026-06-11/19-03-57/config.yaml,49186,/home/zhaowenhao/isaaclab_nhb/isaaclab_nhb/outputs/2026-06-11/19-03-57/.hydra/config.yaml
hydra_output,hydra_outputs/2026-06-11/19-03-57/overrides.yaml,3,/home/zhaowenhao/isaaclab_nhb/isaaclab_nhb/outputs/2026-06-11/19-03-57/.hydra/overrides.yaml
hydra_output,hydra_outputs/2026-06-11/19-05-42/config.yaml,49186,/home/zhaowenhao/isaaclab_nhb/isaaclab_nhb/outputs/2026-06-11/19-05-42/.hydra/config.yaml
hydra_output,hydra_outputs/2026-06-11/19-05-42/overrides.yaml,3,/home/zhaowenhao/isaaclab_nhb/isaaclab_nhb/outputs/2026-06-11/19-05-42/.hydra/overrides.yaml
hydra_output,hydra_outputs/2026-06-12/11-33-26/config.yaml,49186,/home/zhaowenhao/isaaclab_nhb/isaaclab_nhb/outputs/2026-06-12/11-33-26/.hydra/config.yaml
hydra_output,hydra_outputs/2026-06-12/11-33-26/overrides.yaml,3,/home/zhaowenhao/isaaclab_nhb/isaaclab_nhb/outputs/2026-06-12/11-33-26/.hydra/overrides.yaml
hydra_output,hydra_outputs/2026-06-12/11-37-09/config.yaml,49186,/home/zhaowenhao/isaaclab_nhb/isaaclab_nhb/outputs/2026-06-12/11-37-09/.hydra/config.yaml
hydra_output,hydra_outputs/2026-06-12/11-37-09/overrides.yaml,3,/home/zhaowenhao/isaaclab_nhb/isaaclab_nhb/outputs/2026-06-12/11-37-09/.hydra/overrides.yaml
hydra_output,hydra_outputs/2026-06-12/11-40-09/config.yaml,49186,/home/zhaowenhao/isaaclab_nhb/isaaclab_nhb/outputs/2026-06-12/11-40-09/.hydra/config.yaml
hydra_output,hydra_outputs/2026-06-12/11-40-09/overrides.yaml,3,/home/zhaowenhao/isaaclab_nhb/isaaclab_nhb/outputs/2026-06-12/11-40-09/.hydra/overrides.yaml
hydra_output,hydra_outputs/2026-06-12/11-42-46/config.yaml,49186,/home/zhaowenhao/isaaclab_nhb/isaaclab_nhb/outputs/2026-06-12/11-42-46/.hydra/config.yaml
hydra_output,hydra_outputs/2026-06-12/11-42-46/overrides.yaml,3,/home/zhaowenhao/isaaclab_nhb/isaaclab_nhb/outputs/2026-06-12/11-42-46/.hydra/overrides.yaml
hydra_output,hydra_outputs/2026-06-12/13-55-37/config.yaml,49186,/home/zhaowenhao/isaaclab_nhb/isaaclab_nhb/outputs/2026-06-12/13-55-37/.hydra/config.yaml
hydra_output,hydra_outputs/2026-06-12/13-55-37/overrides.yaml,3,/home/zhaowenhao/isaaclab_nhb/isaaclab_nhb/outputs/2026-06-12/13-55-37/.hydra/overrides.yaml
hydra_output,hydra_outputs/2026-06-12/13-57-05/config.yaml,49186,/home/zhaowenhao/isaaclab_nhb/isaaclab_nhb/outputs/2026-06-12/13-57-05/.hydra/config.yaml
hydra_output,hydra_outputs/2026-06-12/13-57-05/overrides.yaml,3,/home/zhaowenhao/isaaclab_nhb/isaaclab_nhb/outputs/2026-06-12/13-57-05/.hydra/overrides.yaml
hydra_output,hydra_outputs/2026-06-12/19-39-51/config.yaml,49186,/home/zhaowenhao/isaaclab_nhb/isaaclab_nhb/outputs/2026-06-12/19-39-51/.hydra/config.yaml
hydra_output,hydra_outputs/2026-06-12/19-39-51/overrides.yaml,3,/home/zhaowenhao/isaaclab_nhb/isaaclab_nhb/outputs/2026-06-12/19-39-51/.hydra/overrides.yaml
hydra_output,hydra_outputs/2026-06-12/19-53-42/config.yaml,49186,/home/zhaowenhao/isaaclab_nhb/isaaclab_nhb/outputs/2026-06-12/19-53-42/.hydra/config.yaml
hydra_output,hydra_outputs/2026-06-12/19-53-42/overrides.yaml,3,/home/zhaowenhao/isaaclab_nhb/isaaclab_nhb/outputs/2026-06-12/19-53-42/.hydra/overrides.yaml
hydra_output,hydra_outputs/2026-06-12/20-44-43/config.yaml,49186,/home/zhaowenhao/isaaclab_nhb/isaaclab_nhb/outputs/2026-06-12/20-44-43/.hydra/config.yaml
hydra_output,hydra_outputs/2026-06-12/20-44-43/overrides.yaml,3,/home/zhaowenhao/isaaclab_nhb/isaaclab_nhb/outputs/2026-06-12/20-44-43/.hydra/overrides.yaml
hydra_output,hydra_outputs/2026-06-13/13-11-34/config.yaml,49186,/home/zhaowenhao/isaaclab_nhb/isaaclab_nhb/outputs/2026-06-13/13-11-34/.hydra/config.yaml
hydra_output,hydra_outputs/2026-06-13/13-11-34/overrides.yaml,3,/home/zhaowenhao/isaaclab_nhb/isaaclab_nhb/outputs/2026-06-13/13-11-34/.hydra/overrides.yaml
hydra_output,hydra_outputs/2026-06-14/12-06-02/config.yaml,49186,/home/zhaowenhao/isaaclab_nhb/isaaclab_nhb/outputs/2026-06-14/12-06-02/.hydra/config.yaml
hydra_output,hydra_outputs/2026-06-14/12-06-02/overrides.yaml,3,/home/zhaowenhao/isaaclab_nhb/isaaclab_nhb/outputs/2026-06-14/12-06-02/.hydra/overrides.yaml
hydra_output,hydra_outputs/2026-06-14/12-21-25/config.yaml,49186,/home/zhaowenhao/isaaclab_nhb/isaaclab_nhb/outputs/2026-06-14/12-21-25/.hydra/config.yaml
hydra_output,hydra_outputs/2026-06-14/12-21-25/overrides.yaml,3,/home/zhaowenhao/isaaclab_nhb/isaaclab_nhb/outputs/2026-06-14/12-21-25/.hydra/overrides.yaml
hydra_output,hydra_outputs/2026-06-14/12-23-44/config.yaml,49186,/home/zhaowenhao/isaaclab_nhb/isaaclab_nhb/outputs/2026-06-14/12-23-44/.hydra/config.yaml
hydra_output,hydra_outputs/2026-06-14/12-23-44/overrides.yaml,3,/home/zhaowenhao/isaaclab_nhb/isaaclab_nhb/outputs/2026-06-14/12-23-44/.hydra/overrides.yaml
hydra_output,hydra_outputs/2026-06-14/12-51-30/config.yaml,49186,/home/zhaowenhao/isaaclab_nhb/isaaclab_nhb/outputs/2026-06-14/12-51-30/.hydra/config.yaml
hydra_output,hydra_outputs/2026-06-14/12-51-30/overrides.yaml,3,/home/zhaowenhao/isaaclab_nhb/isaaclab_nhb/outputs/2026-06-14/12-51-30/.hydra/overrides.yaml
hydra_output,hydra_outputs/2026-06-14/12-54-00/config.yaml,49186,/home/zhaowenhao/isaaclab_nhb/isaaclab_nhb/outputs/2026-06-14/12-54-00/.hydra/config.yaml
hydra_output,hydra_outputs/2026-06-14/12-54-00/overrides.yaml,3,/home/zhaowenhao/isaaclab_nhb/isaaclab_nhb/outputs/2026-06-14/12-54-00/.hydra/overrides.yaml
hydra_output,hydra_outputs/2026-06-14/12-54-15/config.yaml,49186,/home/zhaowenhao/isaaclab_nhb/isaaclab_nhb/outputs/2026-06-14/12-54-15/.hydra/config.yaml
hydra_output,hydra_outputs/2026-06-14/12-54-15/overrides.yaml,3,/home/zhaowenhao/isaaclab_nhb/isaaclab_nhb/outputs/2026-06-14/12-54-15/.hydra/overrides.yaml
hydra_output,hydra_outputs/2026-06-14/20-34-38/config.yaml,49186,/home/zhaowenhao/isaaclab_nhb/isaaclab_nhb/outputs/2026-06-14/20-34-38/.hydra/config.yaml
hydra_output,hydra_outputs/2026-06-14/20-34-38/overrides.yaml,3,/home/zhaowenhao/isaaclab_nhb/isaaclab_nhb/outputs/2026-06-14/20-34-38/.hydra/overrides.yaml
hydra_output,hydra_outputs/2026-06-14/20-38-36/config.yaml,49186,/home/zhaowenhao/isaaclab_nhb/isaaclab_nhb/outputs/2026-06-14/20-38-36/.hydra/config.yaml
hydra_output,hydra_outputs/2026-06-14/20-38-36/overrides.yaml,3,/home/zhaowenhao/isaaclab_nhb/isaaclab_nhb/outputs/2026-06-14/20-38-36/.hydra/overrides.yaml
hydra_output,hydra_outputs/2026-06-14/21-51-53/config.yaml,49191,/home/zhaowenhao/isaaclab_nhb/isaaclab_nhb/outputs/2026-06-14/21-51-53/.hydra/config.yaml
hydra_output,hydra_outputs/2026-06-14/21-51-53/overrides.yaml,3,/home/zhaowenhao/isaaclab_nhb/isaaclab_nhb/outputs/2026-06-14/21-51-53/.hydra/overrides.yaml
hydra_output,hydra_outputs/2026-06-14/21-52-04/config.yaml,49191,/home/zhaowenhao/isaaclab_nhb/isaaclab_nhb/outputs/2026-06-14/21-52-04/.hydra/config.yaml
hydra_output,hydra_outputs/2026-06-14/21-52-04/overrides.yaml,3,/home/zhaowenhao/isaaclab_nhb/isaaclab_nhb/outputs/2026-06-14/21-52-04/.hydra/overrides.yaml
hydra_output,hydra_outputs/2026-06-14/22-02-38/config.yaml,49191,/home/zhaowenhao/isaaclab_nhb/isaaclab_nhb/outputs/2026-06-14/22-02-38/.hydra/config.yaml
hydra_output,hydra_outputs/2026-06-14/22-02-38/overrides.yaml,3,/home/zhaowenhao/isaaclab_nhb/isaaclab_nhb/outputs/2026-06-14/22-02-38/.hydra/overrides.yaml
hydra_output,hydra_outputs/2026-06-15/12-47-21/config.yaml,49191,/home/zhaowenhao/isaaclab_nhb/isaaclab_nhb/outputs/2026-06-15/12-47-21/.hydra/config.yaml
hydra_output,hydra_outputs/2026-06-15/12-47-21/overrides.yaml,3,/home/zhaowenhao/isaaclab_nhb/isaaclab_nhb/outputs/2026-06-15/12-47-21/.hydra/overrides.yaml
hydra_output,hydra_outputs/2026-06-15/12-48-30/config.yaml,49191,/home/zhaowenhao/isaaclab_nhb/isaaclab_nhb/outputs/2026-06-15/12-48-30/.hydra/config.yaml
hydra_output,hydra_outputs/2026-06-15/12-48-30/overrides.yaml,3,/home/zhaowenhao/isaaclab_nhb/isaaclab_nhb/outputs/2026-06-15/12-48-30/.hydra/overrides.yaml
hydra_output,hydra_outputs/2026-06-15/12-51-44/config.yaml,49191,/home/zhaowenhao/isaaclab_nhb/isaaclab_nhb/outputs/2026-06-15/12-51-44/.hydra/config.yaml
hydra_output,hydra_outputs/2026-06-15/12-51-44/overrides.yaml,3,/home/zhaowenhao/isaaclab_nhb/isaaclab_nhb/outputs/2026-06-15/12-51-44/.hydra/overrides.yaml
hydra_output,hydra_outputs/2026-06-15/13-02-58/config.yaml,49191,/home/zhaowenhao/isaaclab_nhb/isaaclab_nhb/outputs/2026-06-15/13-02-58/.hydra/config.yaml
hydra_output,hydra_outputs/2026-06-15/13-02-58/overrides.yaml,3,/home/zhaowenhao/isaaclab_nhb/isaaclab_nhb/outputs/2026-06-15/13-02-58/.hydra/overrides.yaml
hydra_output,hydra_outputs/2026-06-15/13-14-01/config.yaml,49191,/home/zhaowenhao/isaaclab_nhb/isaaclab_nhb/outputs/2026-06-15/13-14-01/.hydra/config.yaml
hydra_output,hydra_outputs/2026-06-15/13-14-01/overrides.yaml,3,/home/zhaowenhao/isaaclab_nhb/isaaclab_nhb/outputs/2026-06-15/13-14-01/.hydra/overrides.yaml
hydra_output,hydra_outputs/2026-06-15/14-45-11/config.yaml,49191,/home/zhaowenhao/isaaclab_nhb/isaaclab_nhb/outputs/2026-06-15/14-45-11/.hydra/config.yaml
hydra_output,hydra_outputs/2026-06-15/14-45-11/overrides.yaml,3,/home/zhaowenhao/isaaclab_nhb/isaaclab_nhb/outputs/2026-06-15/14-45-11/.hydra/overrides.yaml
hydra_output,hydra_outputs/2026-06-15/14-46-40/config.yaml,49191,/home/zhaowenhao/isaaclab_nhb/isaaclab_nhb/outputs/2026-06-15/14-46-40/.hydra/config.yaml
hydra_output,hydra_outputs/2026-06-15/14-46-40/overrides.yaml,3,/home/zhaowenhao/isaaclab_nhb/isaaclab_nhb/outputs/2026-06-15/14-46-40/.hydra/overrides.yaml
hydra_output,hydra_outputs/2026-06-15/14-51-39/config.yaml,49191,/home/zhaowenhao/isaaclab_nhb/isaaclab_nhb/outputs/2026-06-15/14-51-39/.hydra/config.yaml
hydra_output,hydra_outputs/2026-06-15/14-51-39/overrides.yaml,3,/home/zhaowenhao/isaaclab_nhb/isaaclab_nhb/outputs/2026-06-15/14-51-39/.hydra/overrides.yaml
hydra_output,hydra_outputs/2026-06-15/15-23-24/config.yaml,49191,/home/zhaowenhao/isaaclab_nhb/isaaclab_nhb/outputs/2026-06-15/15-23-24/.hydra/config.yaml
hydra_output,hydra_outputs/2026-06-15/15-23-24/overrides.yaml,3,/home/zhaowenhao/isaaclab_nhb/isaaclab_nhb/outputs/2026-06-15/15-23-24/.hydra/overrides.yaml
hydra_output,hydra_outputs/2026-06-20/14-40-52/config.yaml,49191,/home/zhaowenhao/isaaclab_nhb/isaaclab_nhb/outputs/2026-06-20/14-40-52/.hydra/config.yaml
hydra_output,hydra_outputs/2026-06-20/14-40-52/overrides.yaml,3,/home/zhaowenhao/isaaclab_nhb/isaaclab_nhb/outputs/2026-06-20/14-40-52/.hydra/overrides.yaml
hydra_output,hydra_outputs/2026-06-20/14-46-15/config.yaml,49191,/home/zhaowenhao/isaaclab_nhb/isaaclab_nhb/outputs/2026-06-20/14-46-15/.hydra/config.yaml
hydra_output,hydra_outputs/2026-06-20/14-46-15/overrides.yaml,3,/home/zhaowenhao/isaaclab_nhb/isaaclab_nhb/outputs/2026-06-20/14-46-15/.hydra/overrides.yaml
hydra_output,hydra_outputs/2026-06-20/14-50-18/config.yaml,49191,/home/zhaowenhao/isaaclab_nhb/isaaclab_nhb/outputs/2026-06-20/14-50-18/.hydra/config.yaml
hydra_output,hydra_outputs/2026-06-20/14-50-18/overrides.yaml,3,/home/zhaowenhao/isaaclab_nhb/isaaclab_nhb/outputs/2026-06-20/14-50-18/.hydra/overrides.yaml
hydra_output,hydra_outputs/2026-06-20/22-30-56/config.yaml,49559,/home/zhaowenhao/isaaclab_nhb/isaaclab_nhb/outputs/2026-06-20/22-30-56/.hydra/config.yaml
hydra_output,hydra_outputs/2026-06-20/22-30-56/overrides.yaml,3,/home/zhaowenhao/isaaclab_nhb/isaaclab_nhb/outputs/2026-06-20/22-30-56/.hydra/overrides.yaml
hydra_output,hydra_outputs/2026-06-21/02-23-53/config.yaml,49559,/home/zhaowenhao/isaaclab_nhb/isaaclab_nhb/outputs/2026-06-21/02-23-53/.hydra/config.yaml
hydra_output,hydra_outputs/2026-06-21/02-23-53/overrides.yaml,3,/home/zhaowenhao/isaaclab_nhb/isaaclab_nhb/outputs/2026-06-21/02-23-53/.hydra/overrides.yaml
hydra_output,hydra_outputs/2026-06-21/13-22-31/config.yaml,49559,/home/zhaowenhao/isaaclab_nhb/isaaclab_nhb/outputs/2026-06-21/13-22-31/.hydra/config.yaml
hydra_output,hydra_outputs/2026-06-21/13-22-31/overrides.yaml,3,/home/zhaowenhao/isaaclab_nhb/isaaclab_nhb/outputs/2026-06-21/13-22-31/.hydra/overrides.yaml
hydra_output,hydra_outputs/2026-06-21/13-25-42/config.yaml,49559,/home/zhaowenhao/isaaclab_nhb/isaaclab_nhb/outputs/2026-06-21/13-25-42/.hydra/config.yaml
hydra_output,hydra_outputs/2026-06-21/13-25-42/overrides.yaml,3,/home/zhaowenhao/isaaclab_nhb/isaaclab_nhb/outputs/2026-06-21/13-25-42/.hydra/overrides.yaml
hydra_output,hydra_outputs/2026-06-21/14-49-52/config.yaml,49559,/home/zhaowenhao/isaaclab_nhb/isaaclab_nhb/outputs/2026-06-21/14-49-52/.hydra/config.yaml
hydra_output,hydra_outputs/2026-06-21/14-49-52/overrides.yaml,3,/home/zhaowenhao/isaaclab_nhb/isaaclab_nhb/outputs/2026-06-21/14-49-52/.hydra/overrides.yaml
hydra_output,hydra_outputs/2026-06-22/09-47-05/config.yaml,49559,/home/zhaowenhao/isaaclab_nhb/isaaclab_nhb/outputs/2026-06-22/09-47-05/.hydra/config.yaml
hydra_output,hydra_outputs/2026-06-22/09-47-05/overrides.yaml,3,/home/zhaowenhao/isaaclab_nhb/isaaclab_nhb/outputs/2026-06-22/09-47-05/.hydra/overrides.yaml
hydra_output,hydra_outputs/2026-06-22/09-48-36/config.yaml,49559,/home/zhaowenhao/isaaclab_nhb/isaaclab_nhb/outputs/2026-06-22/09-48-36/.hydra/config.yaml
hydra_output,hydra_outputs/2026-06-22/09-48-36/overrides.yaml,3,/home/zhaowenhao/isaaclab_nhb/isaaclab_nhb/outputs/2026-06-22/09-48-36/.hydra/overrides.yaml
hydra_output,hydra_outputs/2026-06-22/10-01-29/config.yaml,49559,/home/zhaowenhao/isaaclab_nhb/isaaclab_nhb/outputs/2026-06-22/10-01-29/.hydra/config.yaml
hydra_output,hydra_outputs/2026-06-22/10-01-29/overrides.yaml,3,/home/zhaowenhao/isaaclab_nhb/isaaclab_nhb/outputs/2026-06-22/10-01-29/.hydra/overrides.yaml
hydra_output,hydra_outputs/2026-06-22/10-02-05/config.yaml,49559,/home/zhaowenhao/isaaclab_nhb/isaaclab_nhb/outputs/2026-06-22/10-02-05/.hydra/config.yaml
hydra_output,hydra_outputs/2026-06-22/10-02-05/overrides.yaml,3,/home/zhaowenhao/isaaclab_nhb/isaaclab_nhb/outputs/2026-06-22/10-02-05/.hydra/overrides.yaml
hydra_output,hydra_outputs/2026-06-22/10-02-34/config.yaml,49559,/home/zhaowenhao/isaaclab_nhb/isaaclab_nhb/outputs/2026-06-22/10-02-34/.hydra/config.yaml
hydra_output,hydra_outputs/2026-06-22/10-02-34/overrides.yaml,3,/home/zhaowenhao/isaaclab_nhb/isaaclab_nhb/outputs/2026-06-22/10-02-34/.hydra/overrides.yaml
hydra_output,hydra_outputs/2026-06-22/10-04-12/config.yaml,49559,/home/zhaowenhao/isaaclab_nhb/isaaclab_nhb/outputs/2026-06-22/10-04-12/.hydra/config.yaml
hydra_output,hydra_outputs/2026-06-22/10-04-12/overrides.yaml,3,/home/zhaowenhao/isaaclab_nhb/isaaclab_nhb/outputs/2026-06-22/10-04-12/.hydra/overrides.yaml
hydra_output,hydra_outputs/2026-06-22/10-33-06/config.yaml,49559,/home/zhaowenhao/isaaclab_nhb/isaaclab_nhb/outputs/2026-06-22/10-33-06/.hydra/config.yaml
hydra_output,hydra_outputs/2026-06-22/10-33-06/overrides.yaml,3,/home/zhaowenhao/isaaclab_nhb/isaaclab_nhb/outputs/2026-06-22/10-33-06/.hydra/overrides.yaml
hydra_output,hydra_outputs/2026-06-22/10-44-13/config.yaml,49775,/home/zhaowenhao/isaaclab_nhb/isaaclab_nhb/outputs/2026-06-22/10-44-13/.hydra/config.yaml
hydra_output,hydra_outputs/2026-06-22/10-44-13/overrides.yaml,3,/home/zhaowenhao/isaaclab_nhb/isaaclab_nhb/outputs/2026-06-22/10-44-13/.hydra/overrides.yaml
hydra_output,hydra_outputs/2026-06-22/10-55-55/config.yaml,49775,/home/zhaowenhao/isaaclab_nhb/isaaclab_nhb/outputs/2026-06-22/10-55-55/.hydra/config.yaml
hydra_output,hydra_outputs/2026-06-22/10-55-55/overrides.yaml,3,/home/zhaowenhao/isaaclab_nhb/isaaclab_nhb/outputs/2026-06-22/10-55-55/.hydra/overrides.yaml
hydra_output,hydra_outputs/2026-06-22/11-05-14/config.yaml,49775,/home/zhaowenhao/isaaclab_nhb/isaaclab_nhb/outputs/2026-06-22/11-05-14/.hydra/config.yaml
hydra_output,hydra_outputs/2026-06-22/11-05-14/overrides.yaml,3,/home/zhaowenhao/isaaclab_nhb/isaaclab_nhb/outputs/2026-06-22/11-05-14/.hydra/overrides.yaml
hydra_output,hydra_outputs/2026-06-22/11-26-35/config.yaml,49775,/home/zhaowenhao/isaaclab_nhb/isaaclab_nhb/outputs/2026-06-22/11-26-35/.hydra/config.yaml
hydra_output,hydra_outputs/2026-06-22/11-26-35/overrides.yaml,3,/home/zhaowenhao/isaaclab_nhb/isaaclab_nhb/outputs/2026-06-22/11-26-35/.hydra/overrides.yaml
metadata,metadata/isaaclab_nhb_git_log.txt,265,generated
metadata,metadata/isaaclab_nhb_git_status.txt,660,generated
metadata,metadata/isaaclab_nhb_worktree.diff,42179,generated
metadata,metadata/materials_manifest.csv,84810,generated
metadata,metadata/rsl_rl_git_status.txt,111,generated
metadata,metadata/rsl_rl_worktree.diff,2377,generated
metrics,metrics/checkpoint_index.csv,169034,generated
metrics,metrics/final_scalar_metrics.csv,174249,generated
metrics,metrics/hydra_output_index.csv,33148,generated
metrics,metrics/key_run_comparison.csv,1508,generated
metrics,metrics/observation_terms.csv,95793,generated
metrics,metrics/reward_terms.csv,434208,generated
metrics,metrics/run_summary.csv,31555,generated
metrics,metrics/timeseries/coopG1S0/2026-05-15_21-59-12_coopG1S0_hist5_steadyreward_50k_gui.csv,491155,generated
metrics,metrics/timeseries/coopG1S0/2026-06-06_13-45-36_s0_clean_arm_waist_yaw_from42600_16k_5k.csv,502043,generated
metrics,metrics/timeseries/coopG1S0/2026-06-09_11-36-13_s0_gait_bodyyaw_16k_5k.csv,496914,generated
metrics,metrics/timeseries/coopG1S0/2026-06-09_20-22-44_s0_gait_pelvis_feetorient_16k_5k.csv,492669,generated
metrics,metrics/timeseries/coopG1S1/2026-05-28_19-29-28_s1_height2_carrypose_fromS0_50k_headless.csv,577223,generated
metrics,metrics/timeseries/coopG1S1/2026-05-30_17-24-12_holdbox.csv,571,generated
metrics,metrics/timeseries/coopG1S1/2026-06-01_20-06-52_s1_scratch_support_pose_boxup_16k_50k_save1k.csv,566823,generated
metrics,metrics/timeseries/coopG1S1/2026-06-01_20-07-28_s1_fromS0_42600_support_pose_boxup_16k_5k_save1k.csv,575395,generated
metrics,metrics/timeseries/coopG1S1/2026-06-02_13-45-44_s1_fromMay28_92599_support_pose_boxup_16k_5k_save1k.csv,577709,generated
metrics,metrics/timeseries/coopG1S1/2026-06-03_08-19-24_s1_fromMay30_92599_vel10_hand8_cfg_16k_5k.csv,566162,generated
metrics,metrics/timeseries/coopG1S1/2026-06-03_08-20-14_s1_fromJun02_97598_vel10_hand8_cfg_16k_5k.csv,461902,generated
metrics,metrics/timeseries/coopG1S1/2026-06-04_10-10-45_s1_fromMay30_96000_feet_contact_orient_torso_16k_5k.csv,449352,generated
metrics,metrics/timeseries/coopG1S1/2026-06-04_10-11-08_s1_fromJun02_101000_feet_contact_orient_torso_16k_5k.csv,480896,generated
metrics,metrics/timeseries/coopG1S1/2026-06-06_13-45-42_s1_repair_from43000_hand4_yaw3_16k_5k.csv,478837,generated
metrics,metrics/timeseries/coopG1S1/2026-06-06_19-19-37_s1_repair_from43000_hand4_yaw3_slide_clearance_16k_5k.csv,572076,generated
metrics,metrics/timeseries/coopG1S1/2026-06-07_12-11-26_s1_from43000_vel1_ang15_height1_hand2_16k_5k.csv,576711,generated
metrics,metrics/timeseries/coopG1S1/2026-06-07_23-42-38_s1_scratch_hand_pose_feet_default_16k_50k.csv,514875,generated
metrics,metrics/timeseries/coopG1S1/2026-06-08_10-54-15_s1_resume3000_forward_no_heading_vel3_std035_no_clearance_term06_16k_50k.csv,442967,generated
metrics,metrics/timeseries/coopG1S1/2026-06-08_15-10-20_s1_scratch_forward_footdist_airtime_16k_50k.csv,537826,generated
metrics,metrics/timeseries/coopG1S1/2026-06-08_15-11-10_s1_resume3000_forward_footdist_airtime_16k_50k.csv,565281,generated
metrics,metrics/timeseries/coopG1S1/2026-06-09_11-43-07_s1_scratch_gait_bodyyaw_holdbox_16k_50k.csv,589296,generated
metrics,metrics/timeseries/coopG1S1/2026-06-09_20-22-31_s1_scratch_gait_pelvis_feetorient_holdbox_16k_50k.csv,594670,generated
metrics,metrics/timeseries/coopG1S1/2026-06-09_20-22-44_s0_gait_pelvis_feetorient_16k_5k.csv,492669,generated
metrics,metrics/timeseries/coopG1S1/2026-06-10_07-38-46_s1_fromS0_3000_gait_pelvis_feetorient_holdbox_16k_5k.csv,630538,generated
metrics,metrics/timeseries/coopG1S1/2026-06-10_16-57-26_s1_from7999_hand4_gait_pelvis_feetorient_holdbox_16k_5k.csv,635847,generated
metrics,metrics/timeseries/coopG1S1/2026-06-10_17-12-27_s1_from7999_hand8_torso_pelvis_rp_stronger_16k_5k.csv,635134,generated
metrics,metrics/timeseries/coopG1S1/2026-06-11_18-54-53_s1_from7999_hand4_torso_pelvis_rp_stronger_16k_5k.csv,624948,generated
metrics,metrics/timeseries/coopG1S1/2026-06-12_19-53-42_holdbox.csv,633380,generated
metrics,metrics/timeseries/coopG1S1/2026-06-14_12-54-00_s1_from12998_hand8_rp_plus04_16k_50k.csv,582653,generated
metrics,metrics/timeseries/coopG1S1/2026-06-14_12-54-15_s1_from7999_hand4_rp_plus04_16k_50k.csv,587409,generated
metrics,metrics/timeseries/coopG1S1/2026-06-14_21-51-53_s1_from2026-06-10_17-12-2712998.csv,635762,generated
metrics,metrics/timeseries/coopG1S1/2026-06-14_21-52-04_s1_from2026-06-10_07-38-467999.csv,635355,generated
metrics,metrics/timeseries/coopG1S1/2026-06-20_22-30-57_s1_base_velocity_scratch.csv,623844,generated
metrics,metrics/timeseries/coopG1S1/2026-06-21_02-23-53_s1_base_velocity_scratch_16k_10k.csv,625770,generated
metrics,metrics/timeseries/coopG1S1/2026-06-22_11-26-35_s1_base_velocity_precise.csv,129714,generated
metrics,metrics/timeseries/coopG1S2/2026-05-23_14-47-28_s2_fixedpayload_fromS0_50k_gui.csv,551743,generated
metrics,metrics/timeseries/coopG1S2/2026-05-30_17-25-08_fixed_payload.csv,578,generated
reference_source,references/SteadyTray/README.md,7035,/home/zhaowenhao/SteadyTray/README.md
reference_source,references/SteadyTray/scripts/rsl_rl/adapter/actor_critic.py,50275,/home/zhaowenhao/SteadyTray/scripts/rsl_rl/adapter/actor_critic.py
reference_source,references/SteadyTray/scripts/rsl_rl/adapter/adapter.py,5848,/home/zhaowenhao/SteadyTray/scripts/rsl_rl/adapter/adapter.py
reference_source,references/SteadyTray/source/steadytray/steadytray/tasks/agents/rsl_rl_ppo_cfg.py,12333,/home/zhaowenhao/SteadyTray/source/steadytray/steadytray/tasks/agents/rsl_rl_ppo_cfg.py
reference_source,references/SteadyTray/source/steadytray/steadytray/tasks/envs/steady_object_env_cfg.py,15037,/home/zhaowenhao/SteadyTray/source/steadytray/steadytray/tasks/envs/steady_object_env_cfg.py
scripts,scripts/__pycache__/build_materials.cpython-311.pyc,49983,generated
scripts,scripts/build_materials.py,30547,generated
project_source,source_snapshots/isaaclab_nhb/isaaclab_nhb/script/rsl_rl/play.py,22916,/home/zhaowenhao/isaaclab_nhb/isaaclab_nhb/script/rsl_rl/play.py
project_source,source_snapshots/isaaclab_nhb/isaaclab_nhb/script/rsl_rl/train.py,10771,/home/zhaowenhao/isaaclab_nhb/isaaclab_nhb/script/rsl_rl/train.py
project_source,source_snapshots/isaaclab_nhb/isaaclab_nhb/tasks/humanoid/coopG1S0/coopG1S0_env_cfg.py,13081,/home/zhaowenhao/isaaclab_nhb/isaaclab_nhb/tasks/humanoid/coopG1S0/coopG1S0_env_cfg.py
project_source,source_snapshots/isaaclab_nhb/isaaclab_nhb/tasks/humanoid/coopG1S1/agents/coopG1S1_rsl_rl_ppo_cfg.py,279,/home/zhaowenhao/isaaclab_nhb/isaaclab_nhb/tasks/humanoid/coopG1S1/agents/coopG1S1_rsl_rl_ppo_cfg.py
project_source,source_snapshots/isaaclab_nhb/isaaclab_nhb/tasks/humanoid/coopG1S1/coopG1S1_env_cfg.py,11054,/home/zhaowenhao/isaaclab_nhb/isaaclab_nhb/tasks/humanoid/coopG1S1/coopG1S1_env_cfg.py
project_source,source_snapshots/isaaclab_nhb/isaaclab_nhb/tasks/humanoid/coopG1S2/agents/coopG1S2_rsl_rl_ppo_cfg.py,1258,/home/zhaowenhao/isaaclab_nhb/isaaclab_nhb/tasks/humanoid/coopG1S2/agents/coopG1S2_rsl_rl_ppo_cfg.py
project_source,source_snapshots/isaaclab_nhb/isaaclab_nhb/tasks/humanoid/coopG1S2/coopG1S2_env.py,10048,/home/zhaowenhao/isaaclab_nhb/isaaclab_nhb/tasks/humanoid/coopG1S2/coopG1S2_env.py
project_source,source_snapshots/isaaclab_nhb/isaaclab_nhb/tasks/humanoid/coopG1S2/coopG1S2_env_cfg.py,8733,/home/zhaowenhao/isaaclab_nhb/isaaclab_nhb/tasks/humanoid/coopG1S2/coopG1S2_env_cfg.py
project_source,source_snapshots/isaaclab_nhb/isaaclab_nhb/tasks/mdp_nhb/commands.py,48036,/home/zhaowenhao/isaaclab_nhb/isaaclab_nhb/tasks/mdp_nhb/commands.py
project_source,source_snapshots/isaaclab_nhb/isaaclab_nhb/tasks/mdp_nhb/commands_cfg.py,4050,/home/zhaowenhao/isaaclab_nhb/isaaclab_nhb/tasks/mdp_nhb/commands_cfg.py
project_source,source_snapshots/isaaclab_nhb/isaaclab_nhb/tasks/mdp_nhb/observations.py,35079,/home/zhaowenhao/isaaclab_nhb/isaaclab_nhb/tasks/mdp_nhb/observations.py
project_source,source_snapshots/isaaclab_nhb/isaaclab_nhb/tasks/mdp_nhb/rewards.py,97153,/home/zhaowenhao/isaaclab_nhb/isaaclab_nhb/tasks/mdp_nhb/rewards.py
project_source,source_snapshots/isaaclab_nhb/isaaclab_nhb/tasks/rl_cfg/rl_cfg.py,5920,/home/zhaowenhao/isaaclab_nhb/isaaclab_nhb/tasks/rl_cfg/rl_cfg.py
project_source,source_snapshots/rsl_rl/rsl_rl/algorithms/ppo.py,37258,/home/zhaowenhao/rsl_rl/rsl_rl/algorithms/ppo.py
project_source,source_snapshots/rsl_rl/rsl_rl/modules/__init__.py,1095,/home/zhaowenhao/rsl_rl/rsl_rl/modules/__init__.py
project_source,source_snapshots/rsl_rl/rsl_rl/modules/actor_critic.py,11085,/home/zhaowenhao/rsl_rl/rsl_rl/modules/actor_critic.py
project_source,source_snapshots/rsl_rl/rsl_rl/modules/actor_critic_residual.py,5584,/home/zhaowenhao/rsl_rl/rsl_rl/modules/actor_critic_residual.py
project_source,source_snapshots/rsl_rl/rsl_rl/runners/on_policy_runner.py,28613,/home/zhaowenhao/rsl_rl/rsl_rl/runners/on_policy_runner.py
